Time,x_d,y_d,theta_d,delta_d,v_d,delta_d_dot
0,0,0,-0,-1.1071487,0.1047198,-0.0013181
0.0500417,0.0052403,-1.37e-05,-0.0052406,-1.1072146,0.1047154,-0.0039531
0.1000834,0.0104799,-5.49e-05,-0.0104824,-1.1074123,0.1047025,-0.0065851
0.1501251,0.0157185,-0.0001236,-0.0157269,-1.1077415,0.1046809,-0.0092119
0.2001668,0.0209553,-0.0002197,-0.0209752,-1.1082021,0.1046508,-0.0118315
0.2502085,0.0261898,-0.0003432,-0.0262288,-1.1087937,0.104612,-0.0144417
0.3002502,0.0314214,-0.0004943,-0.0314888,-1.1095158,0.1045646,-0.0170406
0.3502919,0.0366496,-0.0006727,-0.0367566,-1.1103678,0.1045086,-0.019626
0.4003336,0.0418737,-0.0008786,-0.0420335,-1.1113491,0.1044441,-0.0221959
0.4503753,0.0470933,-0.001112,-0.0473209,-1.1124589,0.1043711,-0.0247482
0.500417,0.0523077,-0.0013728,-0.05262,-1.1136963,0.1042895,-0.0272809
0.5504587,0.0575163,-0.0016609,-0.0579321,-1.1150604,0.1041994,-0.0297919
0.6005004,0.0627186,-0.0019766,-0.0632586,-1.11655,0.1041009,-0.0322792
0.6505421,0.067914,-0.0023196,-0.0686009,-1.1181639,0.1039939,-0.0347407
0.7005838,0.073102,-0.00269,-0.0739602,-1.119901,0.1038785,-0.0371745
0.7506255,0.0782819,-0.0030878,-0.079338,-1.1217597,0.1037547,-0.0395784
0.8006672,0.0834533,-0.003513,-0.0847355,-1.1237386,0.1036226,-0.0419504
0.8507089,0.0886154,-0.0039655,-0.0901543,-1.1258361,0.1034822,-0.0442887
0.9007506,0.0937679,-0.0044454,-0.0955956,-1.1280505,0.1033336,-0.0465911
0.9507923,0.09891,-0.0049527,-0.1010608,-1.1303801,0.1031768,-0.0488557
1.000834,0.1040413,-0.0054872,-0.1065514,-1.1328229,0.1030118,-0.0510806
1.0508757,0.1091611,-0.0060491,-0.1120688,-1.1353769,0.1028387,-0.0532639
1.1009174,0.114269,-0.0066383,-0.1176143,-1.1380401,0.1026576,-0.0554035
1.1509591,0.1193643,-0.0072547,-0.1231896,-1.1408103,0.1024685,-0.0574978
1.2010008,0.1244465,-0.0078984,-0.1287959,-1.1436852,0.1022714,-0.0595448
1.2510425,0.129515,-0.0085694,-0.1344349,-1.1466624,0.1020665,-0.0615428
1.3010842,0.1345693,-0.0092676,-0.1401079,-1.1497396,0.1018538,-0.0634899
1.3511259,0.1396088,-0.009993,-0.1458165,-1.1529141,0.1016334,-0.0653845
1.4011676,0.144633,-0.0107455,-0.1515623,-1.1561833,0.1014053,-0.0672249
1.4512093,0.1496412,-0.0115253,-0.1573467,-1.1595445,0.1011697,-0.0690094
1.501251,0.1546331,-0.0123322,-0.1631713,-1.162995,0.1009265,-0.0707364
1.5512927,0.159608,-0.0131662,-0.1690377,-1.1665318,0.100676,-0.0724046
1.6013344,0.1645653,-0.0140273,-0.1749475,-1.170152,0.100418,-0.0740123
1.6513761,0.1695045,-0.0149155,-0.1809024,-1.1738527,0.1001529,-0.0755582
1.7014178,0.1744252,-0.0158307,-0.1869039,-1.1776306,0.0998806,-0.077041
1.7514595,0.1793267,-0.016773,-0.1929537,-1.1814826,0.0996012,-0.0784594
1.8015013,0.1842084,-0.0177422,-0.1990536,-1.1854056,0.0993149,-0.0798123
1.851543,0.18907,-0.0187385,-0.2052052,-1.1893962,0.0990217,-0.0810986
1.9015847,0.1939108,-0.0197616,-0.2114102,-1.1934511,0.0987218,-0.0823172
1.9516264,0.1987302,-0.0208117,-0.2176704,-1.197567,0.0984152,-0.0834672
2.0016681,0.2035279,-0.0218887,-0.2239876,-1.2017404,0.098102,-0.0845479
2.0517098,0.2083032,-0.0229926,-0.2303635,-1.2059678,0.0977824,-0.0855583
2.1017515,0.2130556,-0.0241233,-0.2368001,-1.2102457,0.0974566,-0.086498
2.1517932,0.2177846,-0.0252807,-0.2432991,-1.2145706,0.0971245,-0.0873664
2.2018349,0.2224897,-0.026465,-0.2498625,-1.2189389,0.0967864,-0.088163
2.2518766,0.2271703,-0.027676,-0.2564921,-1.223347,0.0964423,-0.0888875
2.3019183,0.231826,-0.0289137,-0.2631898,-1.2277914,0.0960925,-0.0895395
2.35196,0.2364562,-0.030178,-0.2699577,-1.2322684,0.0957369,-0.0901191
2.4020017,0.2410605,-0.031469,-0.2767977,-1.2367743,0.0953759,-0.0906262
2.4520434,0.2456383,-0.0327866,-0.2837118,-1.2413057,0.0950095,-0.0910608
2.5020851,0.2501891,-0.0341307,-0.290702,-1.2458587,0.0946378,-0.0914231
2.5521268,0.2547124,-0.0355014,-0.2977705,-1.2504299,0.0942611,-0.0917135
2.6021685,0.2592077,-0.0368985,-0.3049192,-1.2550155,0.0938794,-0.0919322
2.6522102,0.2636746,-0.0383221,-0.3121504,-1.2596121,0.093493,-0.0920798
2.7022519,0.2681125,-0.0397721,-0.3194662,-1.2642161,0.093102,-0.092157
2.7522936,0.2725209,-0.0412485,-0.3268686,-1.268824,0.0927066,-0.0921643
2.8023353,0.2768994,-0.0427512,-0.33436,-1.2734322,0.0923069,-0.0921026
2.852377,0.2812475,-0.0442802,-0.3419426,-1.2780373,0.0919031,-0.0919728
2.9024187,0.2855647,-0.0458354,-0.3496185,-1.282636,0.0914954,-0.0917758
2.9524604,0.2898506,-0.0474169,-0.3573901,-1.2872247,0.091084,-0.0915128
3.0025021,0.2941046,-0.0490245,-0.3652597,-1.2918004,0.0906691,-0.0911849
3.0525438,0.2983263,-0.0506582,-0.3732295,-1.2963596,0.0902509,-0.0907934
3.1025855,0.3025152,-0.052318,-0.3813019,-1.3008993,0.0898296,-0.0903395
3.1526272,0.3066709,-0.0540038,-0.3894792,-1.3054163,0.0894054,-0.0898246
3.2026689,0.3107929,-0.0557156,-0.3977638,-1.3099075,0.0889784,-0.0892503
3.2527106,0.3148807,-0.0574533,-0.4061582,-1.31437,0.088549,-0.0886179
3.3027523,0.318934,-0.0592169,-0.4146646,-1.3188009,0.0881173,-0.0879292
3.352794,0.3229523,-0.0610063,-0.4232855,-1.3231974,0.0876835,-0.0871858
3.4028357,0.326935,-0.0628216,-0.4320233,-1.3275567,0.087248,-0.0863893
3.4528774,0.3308819,-0.0646625,-0.4408804,-1.3318761,0.0868109,-0.0855414
3.5029191,0.3347924,-0.0665292,-0.4498593,-1.3361532,0.0863724,-0.084644
3.5529608,0.3386661,-0.0684214,-0.4589623,-1.3403854,0.0859329,-0.0836988
3.6030025,0.3425027,-0.0703393,-0.468192,-1.3445703,0.0854925,-0.0827076
3.6530442,0.3463016,-0.0722827,-0.4775506,-1.3487057,0.0850516,-0.0816724
3.7030859,0.3500625,-0.0742516,-0.4870406,-1.3527894,0.0846104,-0.0805949
3.7531276,0.3537849,-0.0762459,-0.4966643,-1.3568191,0.0841691,-0.079477
3.8031693,0.3574685,-0.0782655,-0.5064242,-1.3607929,0.0837281,-0.0783207
3.853211,0.3611128,-0.0803105,-0.5163225,-1.364709,0.0832875,-0.0771277
3.9032527,0.3647174,-0.0823807,-0.5263615,-1.3685654,0.0828478,-0.0759
3.9532944,0.368282,-0.0844761,-0.5365435,-1.3723604,0.0824092,-0.0746394
4.0033361,0.3718061,-0.0865967,-0.5468707,-1.3760923,0.0819719,-0.0733478
4.0533778,0.3752894,-0.0887423,-0.5573453,-1.3797597,0.0815364,-0.0720269
4.1034195,0.3787314,-0.090913,-0.5679693,-1.3833611,0.0811028,-0.0706787
4.1534612,0.3821319,-0.0931087,-0.5787447,-1.386895,0.0806715,-0.0693048
4.2035029,0.3854903,-0.0953292,-0.5896735,-1.3903602,0.0802429,-0.0679071
4.2535446,0.3888065,-0.0975746,-0.6007576,-1.3937556,0.0798172,-0.0664872
4.3035863,0.3920799,-0.0998447,-0.6119988,-1.39708,0.0793948,-0.0650469
4.353628,0.3953103,-0.1021396,-0.6233986,-1.4003323,0.0789761,-0.0635876
4.4036697,0.3984972,-0.1044592,-0.6349586,-1.4035117,0.0785612,-0.0621111
4.4537114,0.4016403,-0.1068033,-0.6466803,-1.4066172,0.0781507,-0.0606188
4.5037531,0.4047394,-0.109172,-0.6585649,-1.4096482,0.0777448,-0.0591122
4.5537948,0.407794,-0.1115651,-0.6706135,-1.4126038,0.0773439,-0.0575927
4.6038365,0.4108038,-0.1139826,-0.6828273,-1.4154834,0.0769483,-0.0560618
4.6538782,0.4137684,-0.1164245,-0.6952068,-1.4182865,0.0765585,-0.0545206
4.7039199,0.4166876,-0.1188906,-0.7077528,-1.4210125,0.0761747,-0.0529705
4.7539616,0.4195611,-0.1213809,-0.7204657,-1.4236611,0.0757973,-0.0514126
4.8040033,0.4223884,-0.1238954,-0.7333457,-1.4262317,0.0754268,-0.0498481
4.854045,0.4251694,-0.1264339,-0.7463929,-1.4287241,0.0750634,-0.0482779
4.9040867,0.4279037,-0.1289964,-0.7596069,-1.431138,0.0747076,-0.046703
4.9541284,0.4305909,-0.1315828,-0.7729873,-1.4334731,0.0743597,-0.0451244
5.0041701,0.4332309,-0.134193,-0.7865333,-1.4357294,0.0740201,-0.0435429
5.0542118,0.4358233,-0.1368271,-0.800244,-1.4379065,0.0736891,-0.0419592
5.1042535,0.4383678,-0.1394848,-0.8141181,-1.4400045,0.0733673,-0.0403741
5.1542952,0.4408641,-0.1421662,-0.8281539,-1.4420232,0.0730548,-0.0387881
5.2043369,0.443312,-0.1448711,-0.8423497,-1.4439626,0.0727522,-0.0372018
5.2543786,0.4457112,-0.1475995,-0.8567031,-1.4458227,0.0724597,-0.0356156
5.3044204,0.4480615,-0.1503513,-0.8712117,-1.4476035,0.0721777,-0.03403
5.3544621,0.4503626,-0.1531265,-0.8858726,-1.449305,0.0719067,-0.0324452
5.4045038,0.4526141,-0.1559249,-0.9006827,-1.4509272,0.0716469,-0.0308616
5.4545455,0.454816,-0.1587465,-0.9156384,-1.4524703,0.0713988,-0.0292793
5.5045872,0.4569679,-0.1615912,-0.9307358,-1.4539343,0.0711626,-0.0276984
5.5546289,0.4590696,-0.1644589,-0.9459708,-1.4553192,0.0709388,-0.0261189
5.6046706,0.4611209,-0.1673495,-0.9613386,-1.4566251,0.0707276,-0.0245408
5.6547123,0.4631215,-0.170263,-0.9768344,-1.4578522,0.0705294,-0.022964
5.704754,0.4650713,-0.1731994,-0.992453,-1.4590004,0.0703445,-0.0213884
5.7547957,0.46697,-0.1761584,-1.0081886,-1.4600698,0.0701733,-0.0198137
5.8048374,0.4688173,-0.17914,-1.0240353,-1.4610605,0.070016,-0.0182396
5.8548791,0.4706132,-0.1821442,-1.0399868,-1.4619724,0.0698729,-0.0166658
5.9049208,0.4723574,-0.1851708,-1.0560365,-1.4628057,0.0697442,-0.0150918
5.9549625,0.4740497,-0.1882198,-1.0721774,-1.4635603,0.0696304,-0.0135172
6.0050042,0.4756899,-0.1912911,-1.0884024,-1.4642362,0.0695316,-0.0119414
6.0550459,0.4772779,-0.1943847,-1.1047039,-1.4648333,0.069448,-0.0103639
6.1050876,0.4788135,-0.1975003,-1.1210742,-1.4653514,0.0693799,-0.008784
6.1551293,0.4802964,-0.200638,-1.1375052,-1.4657906,0.0693275,-0.0072011
6.205171,0.4817266,-0.2037976,-1.1539887,-1.4661507,0.0692909,-0.0056144
6.2552127,0.4831039,-0.2069791,-1.1705163,-1.4664314,0.0692704,-0.0040231
6.3052544,0.4844281,-0.2101824,-1.1870794,-1.4666326,0.0692661,-0.0024266
6.3552961,0.4856991,-0.2134073,-1.2036693,-1.4667539,0.0692781,-0.0008238
6.4053378,0.4869168,-0.2166539,-1.2202771,-1.4667951,0.0693065,0.000786
6.4553795,0.488081,-0.2199219,-1.2368938,-1.4667558,0.0693515,0.0024037
6.5054212,0.4891915,-0.2232114,-1.2535105,-1.4666356,0.0694132,0.0040303
6.5554629,0.4902483,-0.2265223,-1.2701182,-1.4664341,0.0694915,0.0056668
6.6055046,0.4912513,-0.2298543,-1.2867077,-1.4661508,0.0695866,0.007314
6.6555463,0.4922003,-0.2332075,-1.30327,-1.465785,0.0696984,0.0089731
6.705588,0.4930953,-0.2365818,-1.3197964,-1.4653364,0.069827,0.0106449
6.7556297,0.4939361,-0.239977,-1.3362777,-1.4648042,0.0699724,0.0123305
6.8056714,0.4947226,-0.2433931,-1.3527055,-1.4641876,0.0701344,0.014031
6.8557131,0.4954548,-0.24683,-1.3690709,-1.4634861,0.0703132,0.0157474
6.9057548,0.4961325,-0.2502876,-1.3853657,-1.4626987,0.0705085,0.0174806
6.9557965,0.4967558,-0.2537658,-1.4015815,-1.4618247,0.0707203,0.0192317
7.0058382,0.4973245,-0.2572644,-1.4177104,-1.4608631,0.0709485,0.0210018
7.0558799,0.4978386,-0.2607834,-1.4337446,-1.459813,0.071193,0.0227918
7.1059216,0.4982979,-0.2643228,-1.4496765,-1.4586734,0.0714535,0.0246028
7.1559633,0.4987026,-0.2678823,-1.465499,-1.4574433,0.0717301,0.0264357
7.206005,0.4990525,-0.271462,-1.481205,-1.4561215,0.0720224,0.0282916
7.2560467,0.4993475,-0.2750616,-1.496788,-1.4547069,0.0723304,0.0301713
7.3060884,0.4995877,-0.2786812,-1.5122416,-1.4531983,0.0726538,0.0320759
7.3561301,0.499773,-0.2823206,-1.5275599,-1.4515945,0.0729923,0.0340063
7.4061718,0.4999035,-0.2859797,-1.5427372,-1.4498942,0.0733458,0.0359632
7.4562135,0.499979,-0.2896584,-1.5577682,-1.4480961,0.073714,0.0379477
7.5062552,0.4999996,-0.2933566,-1.5726479,-1.4461987,0.0740967,0.0399606
7.5562969,0.4999652,-0.2970742,-1.5873717,-1.4442007,0.0744935,0.0420026
7.6063386,0.499876,-0.3008111,-1.6019354,-1.4421005,0.0749043,0.0440745
7.6563803,0.4997318,-0.3045672,-1.6163351,-1.4398968,0.0753288,0.0461772
7.706422,0.4995328,-0.3083424,-1.6305671,-1.4375879,0.0757666,0.0483112
7.7564637,0.4992789,-0.3121366,-1.6446283,-1.4351724,0.0762174,0.0504772
7.8065054,0.4989701,-0.3159497,-1.6585158,-1.4326485,0.0766811,0.0526759
7.8565471,0.4986066,-0.3197815,-1.672227,-1.4300147,0.0771571,0.0549078
7.9065888,0.4981882,-0.3236321,-1.6857597,-1.4272693,0.0776453,0.0571736
7.9566305,0.4977152,-0.3275012,-1.6991119,-1.4244107,0.0781453,0.0594736
8.0066722,0.4971874,-0.3313888,-1.7122819,-1.421437,0.0786569,0.0618083
8.0567139,0.4966051,-0.3352948,-1.7252686,-1.4183466,0.0791795,0.0641781
8.1067556,0.4959682,-0.339219,-1.7380707,-1.4151377,0.079713,0.0665834
8.1567973,0.4952768,-0.3431613,-1.7506875,-1.4118085,0.080257,0.0690245
8.206839,0.494531,-0.3471217,-1.7631184,-1.4083573,0.0808112,0.0715015
8.2568807,0.4937309,-0.3511,-1.7753631,-1.4047822,0.0813753,0.0740147
8.3069224,0.4928766,-0.3550962,-1.7874216,-1.4010814,0.0819488,0.0765642
8.3569641,0.4919681,-0.35911,-1.799294,-1.3972532,0.0825315,0.07915
8.4070058,0.4910056,-0.3631415,-1.8109806,-1.3932957,0.083123,0.0817722
8.4570475,0.4899892,-0.3671904,-1.8224819,-1.3892071,0.0837231,0.0844306
8.5070892,0.4889189,-0.3712567,-1.8337988,-1.3849856,0.0843313,0.0871251
8.5571309,0.4877949,-0.3753403,-1.844932,-1.3806293,0.0849473,0.0898556
8.6071726,0.4866174,-0.379441,-1.8558826,-1.3761366,0.0855709,0.0926217
8.6572143,0.4853864,-0.3835588,-1.8666518,-1.3715055,0.0862016,0.095423
8.707256,0.4841021,-0.3876935,-1.8772409,-1.3667343,0.0868392,0.0982592
8.7572977,0.4827646,-0.391845,-1.8876513,-1.3618214,0.0874834,0.1011297
8.8073394,0.481374,-0.3960133,-1.8978846,-1.3567649,0.0881337,0.1040339
8.8573812,0.4799306,-0.4001981,-1.9079424,-1.3515632,0.08879,0.1069712
8.9074229,0.4784345,-0.4043994,-1.9178264,-1.3462146,0.0894519,0.1099407
8.9574646,0.4768858,-0.408617,-1.9275386,-1.3407176,0.090119,0.1129417
9.0075063,0.4752848,-0.4128509,-1.9370807,-1.3350705,0.0907911,0.115973
9.057548,0.4736315,-0.4171009,-1.9464548,-1.3292719,0.0914679,0.1190338
9.1075897,0.4719262,-0.4213669,-1.9556628,-1.3233202,0.092149,0.1221227
9.1576314,0.4701691,-0.4256488,-1.9647068,-1.317214,0.0928342,0.1252387
9.2076731,0.4683603,-0.4299464,-1.9735889,-1.3109521,0.0935232,0.1283802
9.2577148,0.4665001,-0.4342597,-1.9823113,-1.3045331,0.0942157,0.1315459
9.3077565,0.4645886,-0.4385886,-1.9908762,-1.2979558,0.0949114,0.1347342
9.3577982,0.4626261,-0.4429329,-1.9992857,-1.2912191,0.09561,0.1379433
9.4078399,0.4606128,-0.4472925,-2.007542,-1.2843219,0.0963113,0.1411715
9.4578816,0.4585489,-0.4516672,-2.0156474,-1.2772633,0.097015,0.1444168
9.5079233,0.4564346,-0.456057,-2.0236042,-1.2700425,0.0977207,0.1476773
9.557965,0.4542702,-0.4604618,-2.0314145,-1.2626586,0.0984284,0.1509507
9.6080067,0.4520559,-0.4648813,-2.0390806,-1.2551111,0.0991376,0.1542348
9.6580484,0.4497919,-0.4693156,-2.0466047,-1.2473994,0.0998481,0.1575273
9.7080901,0.4474785,-0.4737644,-2.0539892,-1.239523,0.1005598,0.1608255
9.7581318,0.445116,-0.4782277,-2.0612361,-1.2314817,0.1012722,0.1641269
9.8081735,0.4427046,-0.4827053,-2.0683478,-1.2232754,0.1019853,0.1674288
9.8582152,0.4402445,-0.4871971,-2.0753263,-1.2149039,0.1026986,0.1707283
9.9082569,0.4377361,-0.491703,-2.082174,-1.2063675,0.1034121,0.1740224
9.9582986,0.4351796,-0.4962229,-2.0888928,-1.1976664,0.1041255,0.177308
10.0083403,0.4325753,-0.5007566,-2.0954851,-1.188801,0.1048386,0.1805821
10.058382,0.4299235,-0.505304,-2.1019529,-1.1797719,0.105551,0.1838413
10.1084237,0.4272245,-0.509865,-2.1082982,-1.1705798,0.1062627,0.1870823
10.1584654,0.4244785,-0.5144394,-2.1145232,-1.1612257,0.1069733,0.1903016
10.2085071,0.4216859,-0.5190272,-2.1206298,-1.1517106,0.1076827,0.1934956
10.2585488,0.418847,-0.5236282,-2.1266202,-1.1420359,0.1083907,0.1966609
10.3085905,0.4159621,-0.5282422,-2.1324962,-1.1322028,0.109097,0.1997937
10.3586322,0.4130315,-0.5328693,-2.1382598,-1.1222131,0.1098015,0.2028903
10.4086739,0.4100555,-0.5375091,-2.1439129,-1.1120686,0.1105039,0.205947
10.4587156,0.4070345,-0.5421617,-2.1494574,-1.1017713,0.1112041,0.20896
10.5087573,0.4039688,-0.5468268,-2.1548951,-1.0913233,0.1119018,0.2119254
10.558799,0.4008587,-0.5515044,-2.1602279,-1.080727,0.1125969,0.2148395
10.6088407,0.3977045,-0.5561943,-2.1654576,-1.069985,0.1132892,0.2176985
10.6588824,0.3945067,-0.5608963,-2.1705859,-1.0591001,0.1139785,0.2204986
10.7089241,0.3912656,-0.5656105,-2.1756145,-1.0480752,0.1146646,0.2232361
10.7589658,0.3879814,-0.5703365,-2.1805452,-1.0369134,0.1153473,0.2259072
10.8090075,0.3846547,-0.5750744,-2.1853795,-1.025618,0.1160265,0.2285085
10.8590492,0.3812857,-0.5798239,-2.1901191,-1.0141926,0.116702,0.2310364
10.9090909,0.3778748,-0.584585,-2.1947656,-1.0026408,0.1173737,0.2334874
10.9591326,0.3744224,-0.5893575,-2.1993205,-0.9909664,0.1180412,0.2358582
11.0091743,0.3709289,-0.5941412,-2.2037854,-0.9791735,0.1187046,0.2381458
11.059216,0.3673946,-0.5989361,-2.2081618,-0.9672662,0.1193636,0.2403471
11.1092577,0.36382,-0.603742,-2.212451,-0.9552488,0.1200181,0.2424593
11.1592994,0.3602054,-0.6085588,-2.2166547,-0.9431259,0.120668,0.2444797
11.2093411,0.3565512,-0.6133864,-2.220774,-0.9309019,0.121313,0.2464058
11.2593828,0.3528579,-0.6182245,-2.2248105,-0.9185816,0.121953,0.2482356
11.3094245,0.3491259,-0.6230732,-2.2287654,-0.9061698,0.1225879,0.2499668
11.3594662,0.3453554,-0.6279322,-2.2326401,-0.8936715,0.1232176,0.2515978
11.4095079,0.3415471,-0.6328014,-2.2364358,-0.8810916,0.1238418,0.253127
11.4595496,0.3377012,-0.6376807,-2.2401538,-0.8684352,0.1244605,0.2545531
11.5095913,0.3338182,-0.6425699,-2.2437953,-0.8557076,0.1250735,0.2558752
11.559633,0.3298986,-0.647469,-2.2473614,-0.8429138,0.1256807,0.2570926
11.6096747,0.3259427,-0.6523777,-2.2508534,-0.8300592,0.126282,0.2582047
11.6597164,0.321951,-0.657296,-2.2542724,-0.817149,0.1268771,0.2592114
11.7097581,0.317924,-0.6622237,-2.2576195,-0.8041884,0.1274661,0.2601128
11.7597998,0.313862,-0.6671607,-2.2608957,-0.7911827,0.1280488,0.2609094
11.8098415,0.3097656,-0.6721068,-2.2641022,-0.7781373,0.128625,0.2616017
11.8598832,0.3056351,-0.6770619,-2.2672399,-0.7650572,0.1291946,0.2621908
11.9099249,0.301471,-0.6820259,-2.2703098,-0.7519476,0.1297576,0.2626779
11.9599666,0.2972739,-0.6869986,-2.273313,-0.7388138,0.1303138,0.2630644
12.0100083,0.2930441,-0.6919799,-2.2762503,-0.7256605,0.130863,0.2633522
12.06005,0.2887821,-0.6969697,-2.2791228,-0.7124929,0.1314052,0.2635431
12.1100917,0.2844884,-0.7019678,-2.2819312,-0.6993158,0.1319403,0.2636396
12.1601334,0.2801634,-0.7069741,-2.2846766,-0.6861338,0.1324682,0.263644
12.2101751,0.2758076,-0.7119884,-2.2873597,-0.6729516,0.1329887,0.263559
12.2602168,0.2714216,-0.7170107,-2.2899813,-0.6597736,0.1335018,0.2633876
12.3102585,0.2670057,-0.7220407,-2.2925424,-0.6466043,0.1340073,0.2631327
12.3603003,0.2625606,-0.7270783,-2.2950437,-0.6334476,0.1345052,0.2627976
12.410342,0.2580865,-0.7321234,-2.2974859,-0.6203077,0.1349954,0.2623858
12.4603837,0.2535842,-0.7371759,-2.2998698,-0.6071885,0.1354777,0.2619007
12.5104254,0.2490539,-0.7422356,-2.3021961,-0.5940934,0.1359521,0.261346
12.5604671,0.2444963,-0.7473024,-2.3044656,-0.5810261,0.1364185,0.2607255
12.6105088,0.2399119,-0.7523762,-2.306679,-0.5679898,0.1368768,0.260043
12.6605505,0.2353011,-0.7574567,-2.3088368,-0.5549877,0.1373269,0.2593024
12.7105922,0.2306645,-0.7625439,-2.3109398,-0.5420226,0.1377688,0.2585078
12.7606339,0.2260025,-0.7676376,-2.3129886,-0.5290972,0.1382023,0.2576631
12.8106756,0.2213157,-0.7727377,-2.3149837,-0.516214,0.1386273,0.2567724
12.8607173,0.2166046,-0.777844,-2.3169259,-0.5033754,0.1390439,0.2558397
12.910759,0.2118697,-0.7829564,-2.3188157,-0.4905834,0.1394518,0.2548692
12.9608007,0.2071115,-0.7880748,-2.3206535,-0.47784,0.1398511,0.2538648
13.0108424,0.2023305,-0.793199,-2.3224401,-0.4651467,0.1402417,0.2528305
13.0608841,0.1975274,-0.7983289,-2.3241758,-0.4525052,0.1406235,0.2517704
13.1109258,0.1927025,-0.8034644,-2.3258613,-0.4399167,0.1409964,0.2506884
13.1609675,0.1878565,-0.8086052,-2.327497,-0.4273823,0.1413603,0.2495883
13.2110092,0.1829899,-0.8137513,-2.3290833,-0.4149029,0.1417153,0.2484738
13.2610509,0.1781031,-0.8189025,-2.3306208,-0.4024792,0.1420612,0.2473489
13.3110926,0.1731968,-0.8240586,-2.3321099,-0.3901117,0.1423979,0.2462169
13.3611343,0.1682715,-0.8292196,-2.333551,-0.3778009,0.1427255,0.2450816
13.411176,0.1633276,-0.8343853,-2.3349445,-0.3655468,0.1430438,0.2439463
13.4612177,0.1583659,-0.8395556,-2.3362909,-0.3533495,0.1433528,0.2428143
13.5112594,0.1533867,-0.8447302,-2.3375905,-0.3412088,0.1436525,0.241689
13.5613011,0.1483907,-0.8499091,-2.3388437,-0.3291243,0.1439428,0.2405734
13.6113428,0.1433784,-0.8550921,-2.3400508,-0.3170956,0.1442236,0.2394705
13.6613845,0.1383503,-0.8602792,-2.3412122,-0.3051221,0.1444949,0.2383832
13.7114262,0.1333071,-0.86547,-2.3423283,-0.293203,0.1447566,0.2373143
13.7614679,0.1282492,-0.8706645,-2.3433993,-0.2813372,0.1450087,0.2362665
13.8115096,0.1231772,-0.8758626,-2.3444255,-0.2695239,0.1452512,0.2352423
13.8615513,0.1180916,-0.8810641,-2.3454073,-0.2577618,0.145484,0.234244
13.911593,0.1129932,-0.8862689,-2.3463449,-0.2460496,0.1457071,0.2332741
13.9616347,0.1078823,-0.8914768,-2.3472386,-0.2343859,0.1459204,0.2323347
14.0116764,0.1027595,-0.8966877,-2.3480885,-0.2227692,0.146124,0.2314278
14.0617181,0.0976255,-0.9019014,-2.3488951,-0.2111978,0.1463177,0.2305555
14.1117598,0.0924807,-0.9071178,-2.3496584,-0.19967,0.1465015,0.2297195
14.1618015,0.0873258,-0.9123367,-2.3503787,-0.188184,0.1466754,0.2289216
14.2118432,0.0821613,-0.9175581,-2.3510563,-0.176738,0.1468394,0.2281634
14.2618849,0.0769877,-0.9227817,-2.3516912,-0.1653298,0.1469934,0.2274463
14.3119266,0.0718057,-0.9280075,-2.3522837,-0.1539575,0.1471375,0.2267719
14.3619683,0.0666159,-0.9332352,-2.3528339,-0.1426189,0.1472716,0.2261414
14.41201,0.0614187,-0.9384647,-2.3533419,-0.1313118,0.1473956,0.2255559
14.4620517,0.0562147,-0.943696,-2.3538081,-0.120034,0.1475096,0.2250166
14.5120934,0.0510046,-0.9489288,-2.3542323,-0.1087832,0.1476135,0.2245245
14.5621351,0.0457889,-0.954163,-2.3546148,-0.0975569,0.1477073,0.2240804
14.6121768,0.0405681,-0.9593984,-2.3549557,-0.0863529,0.147791,0.2236852
14.6622185,0.0353429,-0.964635,-2.3552551,-0.0751687,0.1478646,0.2233395
14.7122602,0.0301138,-0.9698725,-2.355513,-0.0640017,0.1479281,0.2230439
14.7623019,0.0248814,-0.9751109,-2.3557296,-0.0528495,0.1479814,0.222799
14.8123436,0.0196463,-0.9803499,-2.3559048,-0.0417095,0.1480246,0.2226052
14.8623853,0.014409,-0.9855895,-2.3560387,-0.0305793,0.1480577,0.2224628
14.912427,0.0091701,-0.9908295,-2.3561314,-0.0194561,0.1480805,0.2223721
14.9624687,0.0039302,-0.9960697,-2.3561829,-0.0083375,0.1480932,0.2223332
15.0125104,-0.0013101,-1.0013101,-2.3561932,0.0027791,0.1480958,0.2223462
15.0625521,-0.0065503,-1.0065504,-2.3561623,0.0138964,0.1480882,0.222411
15.1125938,-0.0117897,-1.0117905,-2.3560902,0.025017,0.1480704,0.2225276
15.1626355,-0.0170279,-1.0170303,-2.3559769,0.0361434,0.1480424,0.2226957
15.2126772,-0.0222641,-1.0222697,-2.3558223,0.0472781,0.1480043,0.2229151
15.2627189,-0.027498,-1.0275084,-2.3556265,0.0584239,0.147956,0.2231854
15.3127606,-0.0327288,-1.0327464,-2.3553892,0.0695832,0.1478976,0.2235061
15.3628023,-0.037956,-1.0379834,-2.3551106,0.0807585,0.1478291,0.2238767
15.412844,-0.0431791,-1.0432195,-2.3547905,0.0919523,0.1477504,0.2242964
15.4628857,-0.0483974,-1.0484543,-2.3544288,0.1031671,0.1476616,0.2247646
15.5129274,-0.0536104,-1.0536878,-2.3540254,0.1144054,0.1475628,0.2252804
15.5629691,-0.0588175,-1.0589198,-2.3535802,0.1256694,0.1474538,0.2258429
15.6130108,-0.0640181,-1.0641503,-2.3530932,0.1369615,0.1473348,0.2264511
15.6630525,-0.0692117,-1.0693789,-2.352564,0.1482841,0.1472058,0.2271037
15.7130942,-0.0743978,-1.0746057,-2.3519927,0.1596393,0.1470667,0.2277996
15.7631359,-0.0795756,-1.0798304,-2.351379,0.1710293,0.1469177,0.2285374
15.8131776,-0.0847447,-1.0850529,-2.3507228,0.1824561,0.1467587,0.2293157
15.8632193,-0.0899045,-1.0902731,-2.3500239,0.1939219,0.1465897,0.2301328
15.9132611,-0.0950544,-1.0954908,-2.3492821,0.2054285,0.1464108,0.2309872
15.9633028,-0.1001939,-1.1007058,-2.3484972,0.2169779,0.146222,0.2318771
16.0133445,-0.1053223,-1.1059181,-2.347669,0.2285718,0.1460234,0.2328004
16.0633862,-0.1104392,-1.1111275,-2.3467972,0.2402118,0.145815,0.2337554
16.1134279,-0.115544,-1.1163339,-2.3458816,0.2518996,0.1455968,0.2347397
16.1634696,-0.1206361,-1.121537,-2.344922,0.2636365,0.1453688,0.2357513
16.2135113,-0.1257149,-1.1267368,-2.343918,0.2754241,0.1451312,0.2367876
16.263553,-0.1307799,-1.1319332,-2.3428694,0.2872635,0.1448839,0.2378463
16.3135947,-0.1358306,-1.1371259,-2.3417759,0.2991558,0.1446269,0.2389247
16.3636364,-0.1408663,-1.1423148,-2.3406372,0.311102,0.1443604,0.2400202
16.4136781,-0.1458865,-1.1474999,-2.339453,0.323103,0.1440843,0.2411298
16.4637198,-0.1508908,-1.1526809,-2.3382229,0.3351595,0.1437988,0.2422506
16.5137615,-0.1558784,-1.1578577,-2.3369465,0.3472721,0.1435038,0.2433797
16.5638032,-0.160849,-1.1630301,-2.3356236,0.359441,0.1431995,0.2445137
16.6138449,-0.1658018,-1.1681981,-2.3342537,0.3716667,0.1428858,0.2456495
16.6638866,-0.1707365,-1.1733615,-2.3328364,0.3839492,0.1425629,0.2467835
16.7139283,-0.1756524,-1.1785201,-2.3313714,0.3962884,0.1422307,0.2479124
16.76397,-0.180549,-1.1836738,-2.3298581,0.408684,0.1418894,0.2490326
16.8140117,-0.1854257,-1.1888224,-2.3282963,0.4211356,0.1415389,0.2501403
16.8640534,-0.1902821,-1.1939659,-2.3266853,0.4336427,0.1411795,0.2512319
16.9140951,-0.1951176,-1.199104,-2.3250248,0.4462042,0.140811,0.2523035
16.9641368,-0.1999317,-1.2042367,-2.3233143,0.4588194,0.1404337,0.2533511
17.0141785,-0.2047238,-1.2093638,-2.3215532,0.471487,0.1400475,0.254371
17.0642202,-0.2094934,-1.2144851,-2.319741,0.4842055,0.1396526,0.2553589
17.1142619,-0.2142401,-1.2196005,-2.3178773,0.4969735,0.1392489,0.256311
17.1643036,-0.2189631,-1.2247099,-2.3159614,0.509789,0.1388367,0.2572232
17.2143453,-0.2236622,-1.2298132,-2.3139928,0.5226502,0.1384159,0.2580914
17.264387,-0.2283366,-1.2349101,-2.3119709,0.5355548,0.1379866,0.2589116
17.3144287,-0.232986,-1.2400005,-2.3098951,0.5485003,0.1375489,0.2596797
17.3644704,-0.2376098,-1.2450844,-2.3077648,0.5614843,0.1371029,0.2603917
17.4145121,-0.2422074,-1.2501616,-2.3055793,0.5745039,0.1366487,0.2610437
17.4645538,-0.2467785,-1.2552318,-2.303338,0.5875561,0.1361863,0.2616318
17.5145955,-0.2513225,-1.2602951,-2.3010401,0.6006377,0.1357159,0.2621522
17.5646372,-0.2558389,-1.2653512,-2.2986851,0.6137453,0.1352376,0.2626011
17.6146789,-0.2603271,-1.2704,-2.2962721,0.6268753,0.1347513,0.262975
17.6647206,-0.2647868,-1.2754415,-2.2938005,0.6400241,0.1342573,0.2632704
17.7147623,-0.2692174,-1.2804753,-2.2912694,0.6531876,0.1337555,0.2634839
17.764804,-0.2736184,-1.2855014,-2.2886781,0.6663618,0.1332462,0.2636125
17.8148457,-0.2779893,-1.2905197,-2.2860259,0.6795424,0.1327294,0.2636531
17.8648874,-0.2823297,-1.2955301,-2.2833118,0.6927251,0.1322052,0.263603
17.9149291,-0.2866391,-1.3005323,-2.280535,0.7059052,0.1316737,0.2634596
17.9649708,-0.2909171,-1.3055262,-2.2776946,0.7190782,0.131135,0.2632205
18.0150125,-0.295163,-1.3105118,-2.2747898,0.7322393,0.1305893,0.2628836
18.0650542,-0.2993766,-1.3154888,-2.2718197,0.7453834,0.1300365,0.262447
18.1150959,-0.3035572,-1.3204572,-2.2687833,0.7585058,0.129477,0.2619091
18.1651376,-0.3077045,-1.3254168,-2.2656796,0.7716012,0.1289106,0.2612685
18.2151793,-0.3118181,-1.3303674,-2.2625076,0.7846647,0.1283377,0.2605242
18.265221,-0.3158973,-1.3353089,-2.2592664,0.7976909,0.1277582,0.2596752
18.3152627,-0.3199419,-1.3402413,-2.2559549,0.8106746,0.1271724,0.2587212
18.3653044,-0.3239513,-1.3451643,-2.252572,0.8236107,0.1265803,0.2576618
18.4153461,-0.3279251,-1.3500778,-2.2491166,0.8364938,0.1259821,0.256497
18.4653878,-0.3318629,-1.3549818,-2.2455877,0.8493186,0.1253778,0.2552272
18.5154295,-0.3357643,-1.3598759,-2.241984,0.86208,0.1247677,0.253853
18.5654712,-0.3396288,-1.3647602,-2.2383044,0.8747726,0.1241518,0.2523752
18.6155129,-0.343456,-1.3696345,-2.2345477,0.8873914,0.1235304,0.2507949
18.6655546,-0.3472454,-1.3744986,-2.2307127,0.8999311,0.1229034,0.2491136
18.7155963,-0.3509967,-1.3793525,-2.2267981,0.9123868,0.1222711,0.2473329
18.765638,-0.3547095,-1.3841959,-2.2228025,0.9247535,0.1216336,0.2454547
18.8156797,-0.3583832,-1.3890287,-2.2187248,0.9370262,0.1209911,0.2434811
18.8657214,-0.3620177,-1.3938509,-2.2145635,0.9492003,0.1203437,0.2414145
18.9157631,-0.3656123,-1.3986623,-2.2103172,0.961271,0.1196915,0.2392574
18.9658048,-0.3691668,-1.4034627,-2.2059846,0.9732339,0.1190347,0.2370126
19.0158465,-0.3726808,-1.4082521,-2.2015641,0.9850845,0.1183735,0.234683
19.0658882,-0.3761538,-1.4130302,-2.1970544,0.9968186,0.117708,0.2322717
19.1159299,-0.3795854,-1.417797,-2.1924539,1.0084322,0.1170383,0.2297818
19.1659716,-0.3829754,-1.4225523,-2.187761,1.0199213,0.1163648,0.2272168
19.2160133,-0.3863234,-1.427296,-2.1829743,1.0312822,0.1156874,0.2245802
19.266055,-0.3896288,-1.432028,-2.178092,1.0425112,0.1150064,0.2218754
19.3160967,-0.3928915,-1.4367481,-2.1731126,1.0536049,0.1143219,0.2191061
19.3661384,-0.3961111,-1.4414562,-2.1680343,1.0645602,0.1136342,0.2162761
19.4161802,-0.3992871,-1.4461522,-2.1628556,1.075374,0.1129434,0.2133891
19.4662219,-0.4024193,-1.450836,-2.1575745,1.0860435,0.1122497,0.2104489
19.5162636,-0.4055072,-1.4555073,-2.1521895,1.0965659,0.1115533,0.2074592
19.5663053,-0.4085506,-1.4601662,-2.1466986,1.1069389,0.1108543,0.2044239
19.616347,-0.4115492,-1.4648124,-2.1411,1.1171601,0.110153,0.2013468
19.6663887,-0.4145025,-1.4694459,-2.1353919,1.1272274,0.1094495,0.1982316
19.7164304,-0.4174103,-1.4740664,-2.1295723,1.137139,0.1087441,0.1950821
19.7664721,-0.4202723,-1.478674,-2.1236394,1.1468931,0.1080369,0.191902
19.8165138,-0.4230881,-1.4832684,-2.1175912,1.1564882,0.1073282,0.1886948
19.8665555,-0.4258574,-1.4878495,-2.1114256,1.165923,0.1066181,0.1854643
19.9165972,-0.4285799,-1.4924172,-2.1051407,1.1751962,0.105907,0.1822138
19.9666389,-0.4312554,-1.4969714,-2.0987344,1.1843069,0.1051949,0.1789467
20.0166806,-0.4338835,-1.501512,-2.0922047,1.1932542,0.1044821,0.1756664
20.0667223,-0.4364639,-1.5060388,-2.0855494,1.2020375,0.1037689,0.1723762
20.116764,-0.4389964,-1.5105517,-2.0787664,1.2106563,0.1030554,0.169079
20.1668057,-0.4414806,-1.5150506,-2.0718535,1.2191103,0.1023419,0.165778
20.2168474,-0.4439164,-1.5195353,-2.0648087,1.2273992,0.1016287,0.162476
20.2668891,-0.4463034,-1.5240057,-2.0576297,1.235523,0.1009159,0.1591758
20.3169308,-0.4486414,-1.5284618,-2.0503143,1.2434818,0.1002038,0.1558802
20.3669725,-0.4509301,-1.5329034,-2.0428602,1.2512758,0.0994927,0.1525916
20.4170142,-0.4531693,-1.5373303,-2.0352654,1.2589054,0.0987828,0.1493125
20.4670559,-0.4553587,-1.5417425,-2.0275275,1.266371,0.0980743,0.1460453
20.5170976,-0.457498,-1.5461398,-2.0196442,1.2736733,0.0973676,0.1427922
20.5671393,-0.4595872,-1.5505221,-2.0116134,1.2808129,0.0966629,0.1395551
20.617181,-0.4616258,-1.5548892,-2.0034328,1.2877906,0.0959604,0.1363362
20.6672227,-0.4636137,-1.5592412,-1.9951002,1.2946074,0.0952604,0.1331373
20.7172644,-0.4655507,-1.5635778,-1.9866133,1.3012643,0.0945632,0.1299602
20.7673061,-0.4674366,-1.5678989,-1.97797,1.3077623,0.093869,0.1268064
20.8173478,-0.4692711,-1.5722044,-1.969168,1.3141026,0.0931783,0.1236774
20.8673895,-0.4710541,-1.5764942,-1.9602051,1.3202865,0.0924911,0.1205748
20.9174312,-0.4727853,-1.5807681,-1.9510794,1.3263152,0.0918079,0.1174998
20.9674729,-0.4744646,-1.5850261,-1.9417886,1.3321902,0.0911289,0.1144536
21.0175146,-0.4760918,-1.5892681,-1.9323308,1.3379129,0.0904544,0.1114373
21.0675563,-0.4776667,-1.5934939,-1.9227039,1.3434848,0.0897848,0.108452
21.117598,-0.4791891,-1.5977033,-1.912906,1.3489074,0.0891203,0.1054985
21.1676397,-0.4806589,-1.6018964,-1.9029353,1.3541823,0.0884612,0.1025776
21.2176814,-0.4820759,-1.6060729,-1.89279,1.3593112,0.0878078,0.0996902
21.2677231,-0.4834399,-1.6102328,-1.8824683,1.3642957,0.0871605,0.0968368
21.3177648,-0.4847509,-1.6143759,-1.8719688,1.3691375,0.0865196,0.0940179
21.3678065,-0.4860086,-1.6185022,-1.8612898,1.3738384,0.0858854,0.0912342
21.4178482,-0.4872129,-1.6226115,-1.8504301,1.3784001,0.0852582,0.0884859
21.4678899,-0.4883636,-1.6267036,-1.8393883,1.3828244,0.0846383,0.0857734
21.5179316,-0.4894608,-1.6307786,-1.8281634,1.3871131,0.0840262,0.0830969
21.5679733,-0.4905041,-1.6348362,-1.8167544,1.3912679,0.083422,0.0804566
21.618015,-0.4914936,-1.6388764,-1.8051605,1.3952908,0.0828262,0.0778526
21.6680567,-0.4924291,-1.6428991,-1.793381,1.3991834,0.082239,0.0752849
21.7180984,-0.4933105,-1.6469041,-1.7814156,1.4029476,0.0816609,0.0727536
21.7681401,-0.4941378,-1.6508914,-1.769264,1.4065853,0.081092,0.0702585
21.8181818,-0.4949107,-1.6548607,-1.7569262,1.4100982,0.0805329,0.0677995
21.8682235,-0.4956293,-1.6588121,-1.7444023,1.4134882,0.0799838,0.0653763
21.9182652,-0.4962934,-1.6627454,-1.7316927,1.416757,0.0794449,0.0629888
21.9683069,-0.4969031,-1.6666605,-1.7187983,1.4199065,0.0789168,0.0606366
22.0183486,-0.4974581,-1.6705573,-1.7057198,1.4229383,0.0783997,0.0583193
22.0683903,-0.4979585,-1.6744357,-1.6924584,1.4258543,0.0778939,0.0560364
22.118432,-0.4984042,-1.6782955,-1.6790158,1.4286561,0.0773997,0.0537877
22.1684737,-0.4987952,-1.6821367,-1.6653936,1.4313455,0.0769176,0.0515724
22.2185154,-0.4991314,-1.6859592,-1.6515939,1.4339241,0.0764477,0.0493901
22.2685571,-0.4994127,-1.6897629,-1.6376193,1.4363936,0.0759904,0.0472402
22.3185988,-0.4996392,-1.6935476,-1.6234722,1.4387556,0.075546,0.045122
22.3686405,-0.4998108,-1.6973133,-1.609156,1.4410117,0.0751149,0.0430348
22.4186822,-0.4999275,-1.7010598,-1.5946738,1.4431634,0.0746972,0.0409779
22.4687239,-0.4999893,-1.7047871,-1.5800295,1.4452123,0.0742933,0.0389506
22.5187656,-0.4999961,-1.708495,-1.5652272,1.4471599,0.0739035,0.036952
22.5688073,-0.4999481,-1.7121834,-1.5502713,1.4490075,0.0735281,0.0349814
22.618849,-0.4998451,-1.7158523,-1.5351665,1.4507565,0.0731672,0.0330378
22.6688907,-0.4996872,-1.7195016,-1.519918,1.4524084,0.0728211,0.0311205
22.7189324,-0.4994745,-1.7231311,-1.5045314,1.4539645,0.0724902,0.0292284
22.7689741,-0.4992068,-1.7267407,-1.4890123,1.4554259,0.0721745,0.0273607
22.8190158,-0.4988844,-1.7303303,-1.473367,1.4567939,0.0718743,0.0255164
22.8690575,-0.4985071,-1.7339,-1.4576018,1.4580697,0.0715898,0.0236946
22.9190992,-0.4980751,-1.7374494,-1.4417238,1.4592545,0.0713212,0.0218942
22.969141,-0.4975883,-1.7409786,-1.4257398,1.4603492,0.0710687,0.0201143
23.0191827,-0.497047,-1.7444875,-1.4096573,1.4613549,0.0708323,0.0183538
23.0692244,-0.496451,-1.7479759,-1.393484,1.4622726,0.0706123,0.0166118
23.1192661,-0.4958004,-1.7514438,-1.3772277,1.4631032,0.0704087,0.0148871
23.1693078,-0.4950955,-1.754891,-1.3608965,1.4638475,0.0702217,0.0131789
23.2193495,-0.4943361,-1.7583175,-1.3444989,1.4645065,0.0700513,0.0114859
23.2693912,-0.4935224,-1.7617232,-1.3280432,1.4650808,0.0698976,0.0098073
23.3194329,-0.4926546,-1.765108,-1.3115383,1.4655711,0.0697606,0.008142
23.3694746,-0.4917326,-1.7684717,-1.2949928,1.4659782,0.0696404,0.006489
23.4195163,-0.4907566,-1.7718144,-1.2784157,1.4663027,0.069537,0.0048473
23.469558,-0.4897267,-1.7751358,-1.2618161,1.466545,0.0694503,0.0032159
23.5195997,-0.4886429,-1.778436,-1.2452028,1.4667058,0.0693803,0.0015938
23.5696414,-0.4875056,-1.7817148,-1.2285849,1.4667855,0.069327,-1.99e-05
23.6196831,-0.4863146,-1.7849721,-1.2119715,1.4667845,0.0692902,-0.001626
23.6697248,-0.4850703,-1.7882079,-1.1953716,1.4667032,0.06927,-0.0032256
23.7197665,-0.4837727,-1.791422,-1.178794,1.466542,0.0692662,-0.0048194
23.7698082,-0.4824219,-1.7946144,-1.1622475,1.466301,0.0692786,-0.0064082
23.8198499,-0.4810181,-1.797785,-1.1457409,1.4659806,0.0693072,-0.0079929
23.8698916,-0.4795615,-1.8009336,-1.1292826,1.4655809,0.0693517,-0.0095743
23.9199333,-0.4780523,-1.8040603,-1.112881,1.4651022,0.069412,-0.0111529
23.969975,-0.4764905,-1.8071649,-1.0965441,1.4645446,0.0694879,-0.0127295
24.0200167,-0.4748763,-1.8102473,-1.0802799,1.4639081,0.0695791,-0.0143046
24.0700584,-0.47321,-1.8133075,-1.064096,1.4631929,0.0696855,-0.0158788
24.1201001,-0.4714918,-1.8163453,-1.0479998,1.4623989,0.0698067,-0.0174527
24.1701418,-0.4697217,-1.8193607,-1.0319983,1.4615263,0.0699426,-0.0190266
24.2201835,-0.4679001,-1.8223536,-1.0160984,1.460575,0.0700929,-0.020601
24.2702252,-0.466027,-1.825324,-1.0003065,1.4595449,0.0702572,-0.0221761
24.3202669,-0.4641028,-1.8282716,-0.9846287,1.4584361,0.0704353,-0.0237523
24.3703086,-0.4621275,-1.8311966,-0.9690708,1.4572485,0.0706268,-0.0253297
24.4203503,-0.4601016,-1.8340987,-0.9536384,1.455982,0.0708316,-0.0269084
24.470392,-0.458025,-1.8369779,-0.9383364,1.4546366,0.0710491,-0.0284886
24.5204337,-0.4558982,-1.8398341,-0.9231697,1.4532122,0.0712792,-0.0300703
24.5704754,-0.4537213,-1.8426672,-0.9081426,1.4517086,0.0715214,-0.0316533
24.6205171,-0.4514945,-1.8454772,-0.8932593,1.450126,0.0717754,-0.0332375
24.6705588,-0.4492182,-1.848264,-0.8785233,1.4484641,0.0720408,-0.0348227
24.7206005,-0.4468925,-1.8510275,-0.8639382,1.446723,0.0723174,-0.0364086
24.7706422,-0.4445177,-1.8537676,-0.8495068,1.4449025,0.0726046,-0.0379949
24.8206839,-0.4420941,-1.8564843,-0.8352319,1.4430028,0.0729022,-0.0395812
24.8707256,-0.439622,-1.8591775,-0.8211159,1.4410237,0.0732098,-0.0411668
24.9207673,-0.4371015,-1.861847,-0.8071607,1.4389654,0.0735271,-0.0427513
24.970809,-0.434533,-1.8644929,-0.7933681,1.4368278,0.0738535,-0.044334
25.0208507,-0.4319168,-1.8671151,-0.7797396,1.4346111,0.0741888,-0.0459141
25.0708924,-0.4292532,-1.8697134,-0.7662763,1.4323154,0.0745326,-0.047491
25.1209341,-0.4265424,-1.8722879,-0.752979,1.4299409,0.0748845,-0.0490636
25.1709758,-0.4237847,-1.8748384,-0.7398484,1.4274877,0.0752442,-0.0506311
25.2210175,-0.4209805,-1.8773649,-0.7268848,1.4249561,0.0756112,-0.0521925
25.2710592,-0.4181301,-1.8798673,-0.7140884,1.4223465,0.0759852,-0.0537466
25.3211009,-0.4152337,-1.8823455,-0.701459,1.4196592,0.0763658,-0.0552924
25.3711426,-0.4122918,-1.8847995,-0.6889963,1.4168946,0.0767526,-0.0568286
25.4211843,-0.4093045,-1.8872292,-0.6766997,1.4140531,0.0771454,-0.058354
25.471226,-0.4062723,-1.8896345,-0.6645686,1.4111354,0.0775437,-0.0598672
25.5212677,-0.4031954,-1.8920154,-0.6526021,1.4081421,0.0779471,-0.0613668
25.5713094,-0.4000743,-1.8943718,-0.6407991,1.4050737,0.0783554,-0.0628514
25.6213511,-0.3969092,-1.8967037,-0.6291585,1.4019312,0.0787681,-0.0643195
25.6713928,-0.3937005,-1.8990109,-0.6176787,1.3987152,0.079185,-0.0657695
25.7214345,-0.3904485,-1.9012934,-0.6063585,1.3954267,0.0796056,-0.0671999
25.7714762,-0.3871537,-1.9035512,-0.5951961,1.3920667,0.0800297,-0.0686089
25.8215179,-0.3838164,-1.9057842,-0.5841898,1.3886363,0.0804569,-0.0699949
25.8715596,-0.3804369,-1.9079923,-0.5733379,1.3851365,0.0808869,-0.0713561
25.9216013,-0.3770156,-1.9101754,-0.5626385,1.3815687,0.0813193,-0.0726909
25.971643,-0.3735529,-1.9123336,-0.5520895,1.3779342,0.0817539,-0.0739973
26.0216847,-0.3700491,-1.9144667,-0.5416888,1.3742343,0.0821903,-0.0752737
26.0717264,-0.3665047,-1.9165747,-0.5314345,1.3704706,0.0826283,-0.0765181
26.1217681,-0.3629201,-1.9186576,-0.5213243,1.3666447,0.0830675,-0.0777286
26.1718098,-0.3592956,-1.9207152,-0.5113559,1.3627583,0.0835077,-0.0789035
26.2218515,-0.3556316,-1.9227475,-0.5015271,1.3588131,0.0839485,-0.0800409
26.2718932,-0.3519285,-1.9247545,-0.4918356,1.3548111,0.0843897,-0.0811388
26.3219349,-0.3481868,-1.9267361,-0.482279,1.3507541,0.084831,-0.0821954
26.3719766,-0.3444069,-1.9286922,-0.472855,1.3466444,0.0852721,-0.0832088
26.4220183,-0.3405891,-1.9306228,-0.4635612,1.3424839,0.0857128,-0.0841773
26.4720601,-0.3367339,-1.9325279,-0.4543952,1.3382751,0.0861528,-0.0850988
26.5221018,-0.3328417,-1.9344074,-0.4453545,1.3340201,0.0865918,-0.0859717
26.5721435,-0.328913,-1.9362612,-0.4364368,1.3297215,0.0870296,-0.0867941
26.6221852,-0.3249481,-1.9380893,-0.4276396,1.3253818,0.087466,-0.0875643
26.6722269,-0.3209475,-1.9398916,-0.4189606,1.3210036,0.0879006,-0.0882805
26.7222686,-0.3169117,-1.9416681,-0.4103972,1.3165896,0.0883334,-0.0889413
26.7723103,-0.3128411,-1.9434188,-0.4019471,1.3121425,0.088764,-0.0895448
26.822352,-0.3087361,-1.9451436,-0.393608,1.3076653,0.0891922,-0.0900896
26.8723937,-0.3045972,-1.9468424,-0.3853773,1.3031608,0.0896178,-0.0905741
26.9224354,-0.3004248,-1.9485152,-0.3772527,1.2986321,0.0900406,-0.090997
26.9724771,-0.2962195,-1.9501619,-0.3692319,1.2940823,0.0904604,-0.0913569
27.0225188,-0.2919816,-1.9517826,-0.3613125,1.2895144,0.090877,-0.0916525
27.0725605,-0.2877116,-1.9533771,-0.3534922,1.2849318,0.0912902,-0.0918826
27.1226022,-0.28341,-1.9549455,-0.3457687,1.2803377,0.0916997,-0.0920461
27.1726439,-0.2790773,-1.9564876,-0.3381398,1.2757354,0.0921055,-0.092142
27.2226856,-0.2747139,-1.9580034,-0.3306031,1.2711283,0.0925072,-0.0921693
27.2727273,-0.2703204,-1.959493,-0.3231564,1.2665198,0.0929048,-0.0921272
27.322769,-0.2658972,-1.9609562,-0.3157976,1.2619134,0.0932981,-0.0920149
27.3728107,-0.2614447,-1.962393,-0.3085244,1.2573127,0.0936868,-0.0918317
27.4228524,-0.2569636,-1.9638034,-0.3013347,1.2527211,0.0940709,-0.0915773
27.4728941,-0.2524542,-1.9651873,-0.2942263,1.2481422,0.0944501,-0.091251
27.5229358,-0.2479171,-1.9665447,-0.2871972,1.2435797,0.0948243,-0.0908525
27.5729775,-0.2433527,-1.9678755,-0.2802453,1.2390371,0.0951934,-0.0903817
27.6230192,-0.2387617,-1.9691798,-0.2733686,1.234518,0.0955571,-0.0898384
27.6730609,-0.2341443,-1.9704575,-0.2665649,1.2300261,0.0959154,-0.0892226
27.7231026,-0.2295013,-1.9717085,-0.2598323,1.2255649,0.0962681,-0.0885343
27.7731443,-0.2248331,-1.9729329,-0.2531689,1.2211382,0.0966151,-0.0877737
27.823186,-0.2201402,-1.9741305,-0.2465726,1.2167495,0.0969562,-0.0869412
27.8732277,-0.215423,-1.9753013,-0.2400417,1.2124025,0.0972913,-0.0860371
27.9232694,-0.2106823,-1.9764454,-0.2335741,1.2081006,0.0976203,-0.0850619
27.9733111,-0.2059184,-1.9775627,-0.2271681,1.2038475,0.097943,-0.0840163
28.0233528,-0.2011318,-1.9786531,-0.2208217,1.1996467,0.0982594,-0.0829008
28.0733945,-0.1963232,-1.9797167,-0.2145333,1.1955017,0.0985693,-0.0817164
28.1234362,-0.191493,-1.9807533,-0.2083009,1.1914158,0.0988726,-0.0804638
28.1734779,-0.1866418,-1.981763,-0.2021228,1.1873927,0.0991692,-0.0791441
28.2235196,-0.18177,-1.9827458,-0.1959973,1.1834354,0.0994589,-0.0777583
28.2735613,-0.1768783,-1.9837016,-0.1899227,1.1795475,0.0997418,-0.0763076
28.323603,-0.1719672,-1.9846303,-0.1838972,1.1757321,0.1000176,-0.074793
28.3736447,-0.1670372,-1.985532,-0.1779192,1.1719925,0.1002864,-0.0732161
28.4236864,-0.1620888,-1.9864067,-0.1719871,1.1683317,0.1005479,-0.071578
28.4737281,-0.1571227,-1.9872542,-0.1660992,1.1647528,0.1008022,-0.0698802
28.5237698,-0.1521393,-1.9880747,-0.1602538,1.1612588,0.101049,-0.0681242
28.5738115,-0.1471391,-1.988868,-0.1544495,1.1578526,0.1012884,-0.0663116
28.6238532,-0.1421228,-1.9896341,-0.1486846,1.154537,0.1015203,-0.0644439
28.6738949,-0.1370909,-1.9903731,-0.1429577,1.1513148,0.1017446,-0.0625228
28.7239366,-0.1320439,-1.9910849,-0.137267,1.1481887,0.1019611,-0.0605501
28.7739783,-0.1269825,-1.9917695,-0.1316112,1.1451612,0.1021699,-0.0585274
28.82402,-0.121907,-1.9924268,-0.1259888,1.1422348,0.1023709,-0.0564565
28.8740617,-0.1168182,-1.9930569,-0.1203982,1.139412,0.102564,-0.0543393
28.9241034,-0.1117166,-1.9936597,-0.1148379,1.136695,0.1027491,-0.0521776
28.9741451,-0.1066027,-1.9942352,-0.1093066,1.1340861,0.1029262,-0.0499732
29.0241868,-0.101477,-1.9947835,-0.1038028,1.1315875,0.1030953,-0.0477282
29.0742285,-0.0963403,-1.9953044,-0.0983251,1.1292011,0.1032562,-0.0454445
29.1242702,-0.0911929,-1.9957979,-0.092872,1.1269288,0.1034089,-0.0431239
29.1743119,-0.0860355,-1.9962642,-0.0874422,1.1247726,0.1035535,-0.0407685
29.2243536,-0.0808687,-1.996703,-0.0820342,1.1227342,0.1036897,-0.0383803
29.2743953,-0.075693,-1.9971145,-0.0766467,1.1208152,0.1038176,-0.0359612
29.324437,-0.070509,-1.9974986,-0.0712783,1.1190171,0.1039372,-0.0335133
29.3744787,-0.0653172,-1.9978554,-0.0659277,1.1173415,0.1040484,-0.0310387
29.4245204,-0.0601183,-1.9981847,-0.0605935,1.1157895,0.1041512,-0.0285392
29.4745621,-0.0549127,-1.9984866,-0.0552743,1.1143626,0.1042455,-0.0260171
29.5246038,-0.0497012,-1.9987611,-0.0499689,1.1130617,0.1043313,-0.0234744
29.5746455,-0.0444841,-1.9990081,-0.0446758,1.111888,0.1044087,-0.020913
29.6246872,-0.0392622,-1.9992277,-0.0393939,1.1108424,0.1044775,-0.0183351
29.6747289,-0.034036,-1.9994199,-0.0341216,1.1099256,0.1045377,-0.0157427
29.7247706,-0.028806,-1.9995847,-0.0288579,1.1091385,0.1045894,-0.0131379
29.7748123,-0.0235729,-1.999722,-0.0236013,1.1084816,0.1046324,-0.0105227
29.824854,-0.0183371,-1.9998318,-0.0183505,1.1079554,0.1046669,-0.0078993
29.8748957,-0.0130994,-1.9999142,-0.0131043,1.1075605,0.1046928,-0.0052696
29.9249374,-0.0078602,-1.9999691,-0.0078613,1.107297,0.1047101,-0.0026359
29.9749791,-0.0026202,-1.9999966,-0.0026202,1.1071652,0.1047187,0
30.0250209,0.0026202,-1.9999966,0.0026202,1.1071652,0.1047187,0.0026359
30.0750626,0.0078602,-1.9999691,0.0078613,1.107297,0.1047101,0.0052696
30.1251043,0.0130994,-1.9999142,0.0131043,1.1075605,0.1046928,0.0078993
30.175146,0.0183371,-1.9998318,0.0183505,1.1079554,0.1046669,0.0105227
30.2251877,0.0235729,-1.999722,0.0236013,1.1084816,0.1046324,0.0131379
30.2752294,0.028806,-1.9995847,0.0288579,1.1091385,0.1045894,0.0157427
30.3252711,0.034036,-1.9994199,0.0341216,1.1099256,0.1045377,0.0183351
30.3753128,0.0392622,-1.9992277,0.0393939,1.1108424,0.1044775,0.020913
30.4253545,0.0444841,-1.9990081,0.0446758,1.111888,0.1044087,0.0234744
30.4753962,0.0497012,-1.9987611,0.0499689,1.1130617,0.1043313,0.0260171
30.5254379,0.0549127,-1.9984866,0.0552743,1.1143626,0.1042455,0.0285392
30.5754796,0.0601183,-1.9981847,0.0605935,1.1157895,0.1041512,0.0310387
30.6255213,0.0653172,-1.9978554,0.0659277,1.1173415,0.1040484,0.0335133
30.675563,0.070509,-1.9974986,0.0712783,1.1190171,0.1039372,0.0359612
30.7256047,0.075693,-1.9971145,0.0766467,1.1208152,0.1038176,0.0383803
30.7756464,0.0808687,-1.996703,0.0820342,1.1227342,0.1036897,0.0407685
30.8256881,0.0860355,-1.9962642,0.0874422,1.1247726,0.1035535,0.0431239
30.8757298,0.0911929,-1.9957979,0.092872,1.1269288,0.1034089,0.0454445
30.9257715,0.0963403,-1.9953044,0.0983251,1.1292011,0.1032562,0.0477282
30.9758132,0.101477,-1.9947835,0.1038028,1.1315875,0.1030953,0.0499732
31.0258549,0.1066027,-1.9942352,0.1093066,1.1340861,0.1029262,0.0521776
31.0758966,0.1117166,-1.9936597,0.1148379,1.136695,0.1027491,0.0543393
31.1259383,0.1168182,-1.9930569,0.1203982,1.139412,0.102564,0.0564565
31.17598,0.121907,-1.9924268,0.1259888,1.1422348,0.1023709,0.0585274
31.2260217,0.1269825,-1.9917695,0.1316112,1.1451612,0.1021699,0.0605501
31.2760634,0.1320439,-1.9910849,0.137267,1.1481887,0.1019611,0.0625228
31.3261051,0.1370909,-1.9903731,0.1429577,1.1513148,0.1017446,0.0644439
31.3761468,0.1421228,-1.9896341,0.1486846,1.154537,0.1015203,0.0663116
31.4261885,0.1471391,-1.988868,0.1544495,1.1578526,0.1012884,0.0681242
31.4762302,0.1521393,-1.9880747,0.1602538,1.1612588,0.101049,0.0698802
31.5262719,0.1571227,-1.9872542,0.1660992,1.1647528,0.1008022,0.071578
31.5763136,0.1620888,-1.9864067,0.1719871,1.1683317,0.1005479,0.0732161
31.6263553,0.1670372,-1.985532,0.1779192,1.1719925,0.1002864,0.074793
31.676397,0.1719672,-1.9846303,0.1838972,1.1757321,0.1000176,0.0763076
31.7264387,0.1768783,-1.9837016,0.1899227,1.1795475,0.0997418,0.0777583
31.7764804,0.18177,-1.9827458,0.1959973,1.1834354,0.0994589,0.0791441
31.8265221,0.1866418,-1.981763,0.2021228,1.1873927,0.0991692,0.0804638
31.8765638,0.191493,-1.9807533,0.2083009,1.1914158,0.0988726,0.0817164
31.9266055,0.1963232,-1.9797167,0.2145333,1.1955017,0.0985693,0.0829008
31.9766472,0.2011318,-1.9786531,0.2208217,1.1996467,0.0982594,0.0840163
32.0266889,0.2059184,-1.9775627,0.2271681,1.2038475,0.097943,0.0850619
32.0767306,0.2106823,-1.9764454,0.2335741,1.2081006,0.0976203,0.0860371
32.1267723,0.215423,-1.9753013,0.2400417,1.2124025,0.0972913,0.0869412
32.176814,0.2201402,-1.9741305,0.2465726,1.2167495,0.0969562,0.0877737
32.2268557,0.2248331,-1.9729329,0.2531689,1.2211382,0.0966151,0.0885343
32.2768974,0.2295013,-1.9717085,0.2598323,1.2255649,0.0962681,0.0892226
32.3269391,0.2341443,-1.9704575,0.2665649,1.2300261,0.0959154,0.0898384
32.3769808,0.2387617,-1.9691798,0.2733686,1.234518,0.0955571,0.0903817
32.4270225,0.2433527,-1.9678755,0.2802453,1.2390371,0.0951934,0.0908525
32.4770642,0.2479171,-1.9665447,0.2871972,1.2435797,0.0948243,0.091251
32.5271059,0.2524542,-1.9651873,0.2942263,1.2481422,0.0944501,0.0915773
32.5771476,0.2569636,-1.9638034,0.3013347,1.2527211,0.0940709,0.0918317
32.6271893,0.2614447,-1.962393,0.3085244,1.2573127,0.0936868,0.0920149
32.677231,0.2658972,-1.9609562,0.3157976,1.2619134,0.0932981,0.0921272
32.7272727,0.2703204,-1.959493,0.3231564,1.2665198,0.0929048,0.0921693
32.7773144,0.2747139,-1.9580034,0.3306031,1.2711283,0.0925072,0.092142
32.8273561,0.2790773,-1.9564876,0.3381398,1.2757354,0.0921055,0.0920461
32.8773978,0.28341,-1.9549455,0.3457687,1.2803377,0.0916997,0.0918826
32.9274395,0.2877116,-1.9533771,0.3534922,1.2849318,0.0912902,0.0916525
32.9774812,0.2919816,-1.9517826,0.3613125,1.2895144,0.090877,0.0913569
33.0275229,0.2962195,-1.9501619,0.3692319,1.2940823,0.0904604,0.090997
33.0775646,0.3004248,-1.9485152,0.3772527,1.2986321,0.0900406,0.0905741
33.1276063,0.3045972,-1.9468424,0.3853773,1.3031608,0.0896178,0.0900896
33.177648,0.3087361,-1.9451436,0.393608,1.3076653,0.0891922,0.0895448
33.2276897,0.3128411,-1.9434188,0.4019471,1.3121425,0.088764,0.0889413
33.2777314,0.3169117,-1.9416681,0.4103972,1.3165896,0.0883334,0.0882805
33.3277731,0.3209475,-1.9398916,0.4189606,1.3210036,0.0879006,0.0875643
33.3778148,0.3249481,-1.9380893,0.4276396,1.3253818,0.087466,0.0867941
33.4278565,0.328913,-1.9362612,0.4364368,1.3297215,0.0870296,0.0859717
33.4778982,0.3328417,-1.9344074,0.4453545,1.3340201,0.0865918,0.0850988
33.5279399,0.3367339,-1.9325279,0.4543952,1.3382751,0.0861528,0.0841773
33.5779817,0.3405891,-1.9306228,0.4635612,1.3424839,0.0857128,0.0832088
33.6280234,0.3444069,-1.9286922,0.472855,1.3466444,0.0852721,0.0821954
33.6780651,0.3481868,-1.9267361,0.482279,1.3507541,0.084831,0.0811388
33.7281068,0.3519285,-1.9247545,0.4918356,1.3548111,0.0843897,0.0800409
33.7781485,0.3556316,-1.9227475,0.5015271,1.3588131,0.0839485,0.0789035
33.8281902,0.3592956,-1.9207152,0.5113559,1.3627583,0.0835077,0.0777286
33.8782319,0.3629201,-1.9186576,0.5213243,1.3666447,0.0830675,0.0765181
33.9282736,0.3665047,-1.9165747,0.5314345,1.3704706,0.0826283,0.0752737
33.9783153,0.3700491,-1.9144667,0.5416888,1.3742343,0.0821903,0.0739973
34.028357,0.3735529,-1.9123336,0.5520895,1.3779342,0.0817539,0.0726909
34.0783987,0.3770156,-1.9101754,0.5626385,1.3815687,0.0813193,0.0713561
34.1284404,0.3804369,-1.9079923,0.5733379,1.3851365,0.0808869,0.0699949
34.1784821,0.3838164,-1.9057842,0.5841898,1.3886363,0.0804569,0.0686089
34.2285238,0.3871537,-1.9035512,0.5951961,1.3920667,0.0800297,0.0671999
34.2785655,0.3904485,-1.9012934,0.6063585,1.3954267,0.0796056,0.0657695
34.3286072,0.3937005,-1.8990109,0.6176787,1.3987152,0.079185,0.0643195
34.3786489,0.3969092,-1.8967037,0.6291585,1.4019312,0.0787681,0.0628514
34.4286906,0.4000743,-1.8943718,0.6407991,1.4050737,0.0783554,0.0613668
34.4787323,0.4031954,-1.8920154,0.6526021,1.4081421,0.0779471,0.0598672
34.528774,0.4062723,-1.8896345,0.6645686,1.4111354,0.0775437,0.058354
34.5788157,0.4093045,-1.8872292,0.6766997,1.4140531,0.0771454,0.0568286
34.6288574,0.4122918,-1.8847995,0.6889963,1.4168946,0.0767526,0.0552924
34.6788991,0.4152337,-1.8823455,0.701459,1.4196592,0.0763658,0.0537466
34.7289408,0.4181301,-1.8798673,0.7140884,1.4223465,0.0759852,0.0521925
34.7789825,0.4209805,-1.8773649,0.7268848,1.4249561,0.0756112,0.0506311
34.8290242,0.4237847,-1.8748384,0.7398484,1.4274877,0.0752442,0.0490636
34.8790659,0.4265424,-1.8722879,0.752979,1.4299409,0.0748845,0.047491
34.9291076,0.4292532,-1.8697134,0.7662763,1.4323154,0.0745326,0.0459141
34.9791493,0.4319168,-1.8671151,0.7797396,1.4346111,0.0741888,0.044334
35.029191,0.434533,-1.8644929,0.7933681,1.4368278,0.0738535,0.0427513
35.0792327,0.4371015,-1.861847,0.8071607,1.4389654,0.0735271,0.0411668
35.1292744,0.439622,-1.8591775,0.8211159,1.4410237,0.0732098,0.0395812
35.1793161,0.4420941,-1.8564843,0.8352319,1.4430028,0.0729022,0.0379949
35.2293578,0.4445177,-1.8537676,0.8495068,1.4449025,0.0726046,0.0364086
35.2793995,0.4468925,-1.8510275,0.8639382,1.446723,0.0723174,0.0348227
35.3294412,0.4492182,-1.848264,0.8785233,1.4484641,0.0720408,0.0332375
35.3794829,0.4514945,-1.8454772,0.8932593,1.450126,0.0717754,0.0316533
35.4295246,0.4537213,-1.8426672,0.9081426,1.4517086,0.0715214,0.0300703
35.4795663,0.4558982,-1.8398341,0.9231697,1.4532122,0.0712792,0.0284886
35.529608,0.458025,-1.8369779,0.9383364,1.4546366,0.0710491,0.0269084
35.5796497,0.4601016,-1.8340987,0.9536384,1.455982,0.0708316,0.0253297
35.6296914,0.4621275,-1.8311966,0.9690708,1.4572485,0.0706268,0.0237523
35.6797331,0.4641028,-1.8282716,0.9846287,1.4584361,0.0704353,0.0221761
35.7297748,0.466027,-1.825324,1.0003065,1.4595449,0.0702572,0.020601
35.7798165,0.4679001,-1.8223536,1.0160984,1.460575,0.0700929,0.0190266
35.8298582,0.4697217,-1.8193607,1.0319983,1.4615263,0.0699426,0.0174527
35.8798999,0.4714918,-1.8163453,1.0479998,1.4623989,0.0698067,0.0158788
35.9299416,0.47321,-1.8133075,1.064096,1.4631929,0.0696855,0.0143046
35.9799833,0.4748763,-1.8102473,1.0802799,1.4639081,0.0695791,0.0127295
36.030025,0.4764905,-1.8071649,1.0965441,1.4645446,0.0694879,0.0111529
36.0800667,0.4780523,-1.8040603,1.112881,1.4651022,0.069412,0.0095743
36.1301084,0.4795615,-1.8009336,1.1292826,1.4655809,0.0693517,0.0079929
36.1801501,0.4810181,-1.797785,1.1457409,1.4659806,0.0693072,0.0064082
36.2301918,0.4824219,-1.7946144,1.1622475,1.466301,0.0692786,0.0048194
36.2802335,0.4837727,-1.791422,1.178794,1.466542,0.0692662,0.0032256
36.3302752,0.4850703,-1.7882079,1.1953716,1.4667032,0.06927,0.001626
36.3803169,0.4863146,-1.7849721,1.2119715,1.4667845,0.0692902,1.99e-05
36.4303586,0.4875056,-1.7817148,1.2285849,1.4667855,0.069327,-0.0015938
36.4804003,0.4886429,-1.778436,1.2452028,1.4667058,0.0693803,-0.0032159
36.530442,0.4897267,-1.7751358,1.2618161,1.466545,0.0694503,-0.0048473
36.5804837,0.4907566,-1.7718144,1.2784157,1.4663027,0.069537,-0.006489
36.6305254,0.4917326,-1.7684717,1.2949928,1.4659782,0.0696404,-0.008142
36.6805671,0.4926546,-1.765108,1.3115383,1.4655711,0.0697606,-0.0098073
36.7306088,0.4935224,-1.7617232,1.3280432,1.4650808,0.0698976,-0.0114859
36.7806505,0.4943361,-1.7583175,1.3444989,1.4645065,0.0700513,-0.0131789
36.8306922,0.4950955,-1.754891,1.3608965,1.4638475,0.0702217,-0.0148871
36.8807339,0.4958004,-1.7514438,1.3772277,1.4631032,0.0704087,-0.0166118
36.9307756,0.496451,-1.7479759,1.393484,1.4622726,0.0706123,-0.0183538
36.9808173,0.497047,-1.7444875,1.4096573,1.4613549,0.0708323,-0.0201143
37.030859,0.4975883,-1.7409786,1.4257398,1.4603492,0.0710687,-0.0218942
37.0809008,0.4980751,-1.7374494,1.4417238,1.4592545,0.0713212,-0.0236946
37.1309425,0.4985071,-1.7339,1.4576018,1.4580697,0.0715898,-0.0255164
37.1809842,0.4988844,-1.7303303,1.473367,1.4567939,0.0718743,-0.0273607
37.2310259,0.4992068,-1.7267407,1.4890123,1.4554259,0.0721745,-0.0292284
37.2810676,0.4994745,-1.7231311,1.5045314,1.4539645,0.0724902,-0.0311205
37.3311093,0.4996872,-1.7195016,1.519918,1.4524084,0.0728211,-0.0330378
37.381151,0.4998451,-1.7158523,1.5351665,1.4507565,0.0731672,-0.0349814
37.4311927,0.4999481,-1.7121834,1.5502713,1.4490075,0.0735281,-0.036952
37.4812344,0.4999961,-1.708495,1.5652272,1.4471599,0.0739035,-0.0389506
37.5312761,0.4999893,-1.7047871,1.5800295,1.4452123,0.0742933,-0.0409779
37.5813178,0.4999275,-1.7010598,1.5946738,1.4431634,0.0746972,-0.0430348
37.6313595,0.4998108,-1.6973133,1.609156,1.4410117,0.0751149,-0.045122
37.6814012,0.4996392,-1.6935476,1.6234722,1.4387556,0.075546,-0.0472402
37.7314429,0.4994127,-1.6897629,1.6376193,1.4363936,0.0759904,-0.0493901
37.7814846,0.4991314,-1.6859592,1.6515939,1.4339241,0.0764477,-0.0515724
37.8315263,0.4987952,-1.6821367,1.6653936,1.4313455,0.0769176,-0.0537877
37.881568,0.4984042,-1.6782955,1.6790158,1.4286561,0.0773997,-0.0560364
37.9316097,0.4979585,-1.6744357,1.6924584,1.4258543,0.0778939,-0.0583193
37.9816514,0.4974581,-1.6705573,1.7057198,1.4229383,0.0783997,-0.0606366
38.0316931,0.4969031,-1.6666605,1.7187983,1.4199065,0.0789168,-0.0629888
38.0817348,0.4962934,-1.6627454,1.7316927,1.416757,0.0794449,-0.0653763
38.1317765,0.4956293,-1.6588121,1.7444023,1.4134882,0.0799838,-0.0677995
38.1818182,0.4949107,-1.6548607,1.7569262,1.4100982,0.0805329,-0.0702585
38.2318599,0.4941378,-1.6508914,1.769264,1.4065853,0.081092,-0.0727536
38.2819016,0.4933105,-1.6469041,1.7814156,1.4029476,0.0816609,-0.0752849
38.3319433,0.4924291,-1.6428991,1.793381,1.3991834,0.082239,-0.0778526
38.381985,0.4914936,-1.6388764,1.8051605,1.3952908,0.0828262,-0.0804566
38.4320267,0.4905041,-1.6348362,1.8167544,1.3912679,0.083422,-0.0830969
38.4820684,0.4894608,-1.6307786,1.8281634,1.3871131,0.0840262,-0.0857734
38.5321101,0.4883636,-1.6267036,1.8393883,1.3828244,0.0846383,-0.0884859
38.5821518,0.4872129,-1.6226115,1.8504301,1.3784001,0.0852582,-0.0912342
38.6321935,0.4860086,-1.6185022,1.8612898,1.3738384,0.0858854,-0.0940179
38.6822352,0.4847509,-1.6143759,1.8719688,1.3691375,0.0865196,-0.0968368
38.7322769,0.4834399,-1.6102328,1.8824683,1.3642957,0.0871605,-0.0996902
38.7823186,0.4820759,-1.6060729,1.89279,1.3593112,0.0878078,-0.1025776
38.8323603,0.4806589,-1.6018964,1.9029353,1.3541823,0.0884612,-0.1054985
38.882402,0.4791891,-1.5977033,1.912906,1.3489074,0.0891203,-0.108452
38.9324437,0.4776667,-1.5934939,1.9227039,1.3434848,0.0897848,-0.1114373
38.9824854,0.4760918,-1.5892681,1.9323308,1.3379129,0.0904544,-0.1144536
39.0325271,0.4744646,-1.5850261,1.9417886,1.3321902,0.0911289,-0.1174998
39.0825688,0.4727853,-1.5807681,1.9510794,1.3263152,0.0918079,-0.1205748
39.1326105,0.4710541,-1.5764942,1.9602051,1.3202865,0.0924911,-0.1236774
39.1826522,0.4692711,-1.5722044,1.969168,1.3141026,0.0931783,-0.1268064
39.2326939,0.4674366,-1.5678989,1.97797,1.3077623,0.093869,-0.1299602
39.2827356,0.4655507,-1.5635778,1.9866133,1.3012643,0.0945632,-0.1331373
39.3327773,0.4636137,-1.5592412,1.9951002,1.2946074,0.0952604,-0.1363362
39.382819,0.4616258,-1.5548892,2.0034328,1.2877906,0.0959604,-0.1395551
39.4328607,0.4595872,-1.5505221,2.0116134,1.2808129,0.0966629,-0.1427922
39.4829024,0.457498,-1.5461398,2.0196442,1.2736733,0.0973676,-0.1460453
39.5329441,0.4553587,-1.5417425,2.0275275,1.266371,0.0980743,-0.1493125
39.5829858,0.4531693,-1.5373303,2.0352654,1.2589054,0.0987828,-0.1525916
39.6330275,0.4509301,-1.5329034,2.0428602,1.2512758,0.0994927,-0.1558802
39.6830692,0.4486414,-1.5284618,2.0503143,1.2434818,0.1002038,-0.1591758
39.7331109,0.4463034,-1.5240057,2.0576297,1.235523,0.1009159,-0.162476
39.7831526,0.4439164,-1.5195353,2.0648087,1.2273992,0.1016287,-0.165778
39.8331943,0.4414806,-1.5150506,2.0718535,1.2191103,0.1023419,-0.169079
39.883236,0.4389964,-1.5105517,2.0787664,1.2106563,0.1030554,-0.1723762
39.9332777,0.4364639,-1.5060388,2.0855494,1.2020375,0.1037689,-0.1756664
39.9833194,0.4338835,-1.501512,2.0922047,1.1932542,0.1044821,-0.1789467
40.0333611,0.4312554,-1.4969714,2.0987344,1.1843069,0.1051949,-0.1822138
40.0834028,0.4285799,-1.4924172,2.1051407,1.1751962,0.105907,-0.1854643
40.1334445,0.4258574,-1.4878495,2.1114256,1.165923,0.1066181,-0.1886948
40.1834862,0.4230881,-1.4832684,2.1175912,1.1564882,0.1073282,-0.191902
40.2335279,0.4202723,-1.478674,2.1236394,1.1468931,0.1080369,-0.1950821
40.2835696,0.4174103,-1.4740664,2.1295723,1.137139,0.1087441,-0.1982316
40.3336113,0.4145025,-1.4694459,2.1353919,1.1272274,0.1094495,-0.2013468
40.383653,0.4115492,-1.4648124,2.1411,1.1171601,0.110153,-0.2044239
40.4336947,0.4085506,-1.4601662,2.1466986,1.1069389,0.1108543,-0.2074592
40.4837364,0.4055072,-1.4555073,2.1521895,1.0965659,0.1115533,-0.2104489
40.5337781,0.4024193,-1.450836,2.1575745,1.0860435,0.1122497,-0.2133891
40.5838198,0.3992871,-1.4461522,2.1628556,1.075374,0.1129434,-0.2162761
40.6338616,0.3961111,-1.4414562,2.1680343,1.0645602,0.1136342,-0.2191061
40.6839033,0.3928915,-1.4367481,2.1731126,1.0536049,0.1143219,-0.2218754
40.733945,0.3896288,-1.432028,2.178092,1.0425112,0.1150064,-0.2245802
40.7839867,0.3863234,-1.427296,2.1829743,1.0312822,0.1156874,-0.2272168
40.8340284,0.3829754,-1.4225523,2.187761,1.0199213,0.1163648,-0.2297818
40.8840701,0.3795854,-1.417797,2.1924539,1.0084322,0.1170383,-0.2322717
40.9341118,0.3761538,-1.4130302,2.1970544,0.9968186,0.117708,-0.234683
40.9841535,0.3726808,-1.4082521,2.2015641,0.9850845,0.1183735,-0.2370126
41.0341952,0.3691668,-1.4034627,2.2059846,0.9732339,0.1190347,-0.2392574
41.0842369,0.3656123,-1.3986623,2.2103172,0.961271,0.1196915,-0.2414145
41.1342786,0.3620177,-1.3938509,2.2145635,0.9492003,0.1203437,-0.2434811
41.1843203,0.3583832,-1.3890287,2.2187248,0.9370262,0.1209911,-0.2454547
41.234362,0.3547095,-1.3841959,2.2228025,0.9247535,0.1216336,-0.2473329
41.2844037,0.3509967,-1.3793525,2.2267981,0.9123868,0.1222711,-0.2491136
41.3344454,0.3472454,-1.3744986,2.2307127,0.8999311,0.1229034,-0.2507949
41.3844871,0.343456,-1.3696345,2.2345477,0.8873914,0.1235304,-0.2523752
41.4345288,0.3396288,-1.3647602,2.2383044,0.8747726,0.1241518,-0.253853
41.4845705,0.3357643,-1.3598759,2.241984,0.86208,0.1247677,-0.2552272
41.5346122,0.3318629,-1.3549818,2.2455877,0.8493186,0.1253778,-0.256497
41.5846539,0.3279251,-1.3500778,2.2491166,0.8364938,0.1259821,-0.2576618
41.6346956,0.3239513,-1.3451643,2.252572,0.8236107,0.1265803,-0.2587212
41.6847373,0.3199419,-1.3402413,2.2559549,0.8106746,0.1271724,-0.2596752
41.734779,0.3158973,-1.3353089,2.2592664,0.7976909,0.1277582,-0.2605242
41.7848207,0.3118181,-1.3303674,2.2625076,0.7846647,0.1283377,-0.2612685
41.8348624,0.3077045,-1.3254168,2.2656796,0.7716012,0.1289106,-0.2619091
41.8849041,0.3035572,-1.3204572,2.2687833,0.7585058,0.129477,-0.262447
41.9349458,0.2993766,-1.3154888,2.2718197,0.7453834,0.1300365,-0.2628836
41.9849875,0.295163,-1.3105118,2.2747898,0.7322393,0.1305893,-0.2632205
42.0350292,0.2909171,-1.3055262,2.2776946,0.7190782,0.131135,-0.2634596
42.0850709,0.2866391,-1.3005323,2.280535,0.7059052,0.1316737,-0.263603
42.1351126,0.2823297,-1.2955301,2.2833118,0.6927251,0.1322052,-0.2636531
42.1851543,0.2779893,-1.2905197,2.2860259,0.6795424,0.1327294,-0.2636125
42.235196,0.2736184,-1.2855014,2.2886781,0.6663618,0.1332462,-0.2634839
42.2852377,0.2692174,-1.2804753,2.2912694,0.6531876,0.1337555,-0.2632704
42.3352794,0.2647868,-1.2754415,2.2938005,0.6400241,0.1342573,-0.262975
42.3853211,0.2603271,-1.2704,2.2962721,0.6268753,0.1347513,-0.2626011
42.4353628,0.2558389,-1.2653512,2.2986851,0.6137453,0.1352376,-0.2621522
42.4854045,0.2513225,-1.2602951,2.3010401,0.6006377,0.1357159,-0.2616318
42.5354462,0.2467785,-1.2552318,2.303338,0.5875561,0.1361863,-0.2610437
42.5854879,0.2422074,-1.2501616,2.3055793,0.5745039,0.1366487,-0.2603917
42.6355296,0.2376098,-1.2450844,2.3077648,0.5614843,0.1371029,-0.2596797
42.6855713,0.232986,-1.2400005,2.3098951,0.5485003,0.1375489,-0.2589116
42.735613,0.2283366,-1.2349101,2.3119709,0.5355548,0.1379866,-0.2580914
42.7856547,0.2236622,-1.2298132,2.3139928,0.5226502,0.1384159,-0.2572232
42.8356964,0.2189631,-1.2247099,2.3159614,0.509789,0.1388367,-0.256311
42.8857381,0.2142401,-1.2196005,2.3178773,0.4969735,0.1392489,-0.2553589
42.9357798,0.2094934,-1.2144851,2.319741,0.4842055,0.1396526,-0.254371
42.9858215,0.2047238,-1.2093638,2.3215532,0.471487,0.1400475,-0.2533511
43.0358632,0.1999317,-1.2042367,2.3233143,0.4588194,0.1404337,-0.2523035
43.0859049,0.1951176,-1.199104,2.3250248,0.4462042,0.140811,-0.2512319
43.1359466,0.1902821,-1.1939659,2.3266853,0.4336427,0.1411795,-0.2501403
43.1859883,0.1854257,-1.1888224,2.3282963,0.4211356,0.1415389,-0.2490326
43.23603,0.180549,-1.1836738,2.3298581,0.408684,0.1418894,-0.2479124
43.2860717,0.1756524,-1.1785201,2.3313714,0.3962884,0.1422307,-0.2467835
43.3361134,0.1707365,-1.1733615,2.3328364,0.3839492,0.1425629,-0.2456495
43.3861551,0.1658018,-1.1681981,2.3342537,0.3716667,0.1428858,-0.2445137
43.4361968,0.160849,-1.1630301,2.3356236,0.359441,0.1431995,-0.2433797
43.4862385,0.1558784,-1.1578577,2.3369465,0.3472721,0.1435038,-0.2422506
43.5362802,0.1508908,-1.1526809,2.3382229,0.3351595,0.1437988,-0.2411298
43.5863219,0.1458865,-1.1474999,2.339453,0.323103,0.1440843,-0.2400202
43.6363636,0.1408663,-1.1423148,2.3406372,0.311102,0.1443604,-0.2389247
43.6864053,0.1358306,-1.1371259,2.3417759,0.2991558,0.1446269,-0.2378463
43.736447,0.1307799,-1.1319332,2.3428694,0.2872635,0.1448839,-0.2367876
43.7864887,0.1257149,-1.1267368,2.343918,0.2754241,0.1451312,-0.2357513
43.8365304,0.1206361,-1.121537,2.344922,0.2636365,0.1453688,-0.2347397
43.8865721,0.115544,-1.1163339,2.3458816,0.2518996,0.1455968,-0.2337554
43.9366138,0.1104392,-1.1111275,2.3467972,0.2402118,0.145815,-0.2328004
43.9866555,0.1053223,-1.1059181,2.347669,0.2285718,0.1460234,-0.2318771
44.0366972,0.1001939,-1.1007058,2.3484972,0.2169779,0.146222,-0.2309872
44.0867389,0.0950544,-1.0954908,2.3492821,0.2054285,0.1464108,-0.2301328
44.1367807,0.0899045,-1.0902731,2.3500239,0.1939219,0.1465897,-0.2293157
44.1868224,0.0847447,-1.0850529,2.3507228,0.1824561,0.1467587,-0.2285374
44.2368641,0.0795756,-1.0798304,2.351379,0.1710293,0.1469177,-0.2277996
44.2869058,0.0743978,-1.0746057,2.3519927,0.1596393,0.1470667,-0.2271037
44.3369475,0.0692117,-1.0693789,2.352564,0.1482841,0.1472058,-0.2264511
44.3869892,0.0640181,-1.0641503,2.3530932,0.1369615,0.1473348,-0.2258429
44.4370309,0.0588175,-1.0589198,2.3535802,0.1256694,0.1474538,-0.2252804
44.4870726,0.0536104,-1.0536878,2.3540254,0.1144054,0.1475628,-0.2247646
44.5371143,0.0483974,-1.0484543,2.3544288,0.1031671,0.1476616,-0.2242964
44.587156,0.0431791,-1.0432195,2.3547905,0.0919523,0.1477504,-0.2238767
44.6371977,0.037956,-1.0379834,2.3551106,0.0807585,0.1478291,-0.2235061
44.6872394,0.0327288,-1.0327464,2.3553892,0.0695832,0.1478976,-0.2231854
44.7372811,0.027498,-1.0275084,2.3556265,0.0584239,0.147956,-0.2229151
44.7873228,0.0222641,-1.0222697,2.3558223,0.0472781,0.1480043,-0.2226957
44.8373645,0.0170279,-1.0170303,2.3559769,0.0361434,0.1480424,-0.2225276
44.8874062,0.0117897,-1.0117905,2.3560902,0.025017,0.1480704,-0.222411
44.9374479,0.0065503,-1.0065504,2.3561623,0.0138964,0.1480882,-0.2223462
44.9874896,0.0013101,-1.0013101,2.3561932,0.0027791,0.1480958,-0.2223332
45.0375313,-0.0039302,-0.9960697,2.3561829,-0.0083375,0.1480932,-0.2223721
45.087573,-0.0091701,-0.9908295,2.3561314,-0.0194561,0.1480805,-0.2224628
45.1376147,-0.014409,-0.9855895,2.3560387,-0.0305793,0.1480577,-0.2226052
45.1876564,-0.0196463,-0.9803499,2.3559048,-0.0417095,0.1480246,-0.222799
45.2376981,-0.0248814,-0.9751109,2.3557296,-0.0528495,0.1479814,-0.2230439
45.2877398,-0.0301138,-0.9698725,2.355513,-0.0640017,0.1479281,-0.2233395
45.3377815,-0.0353429,-0.964635,2.3552551,-0.0751687,0.1478646,-0.2236852
45.3878232,-0.0405681,-0.9593984,2.3549557,-0.0863529,0.147791,-0.2240804
45.4378649,-0.0457889,-0.954163,2.3546148,-0.0975569,0.1477073,-0.2245245
45.4879066,-0.0510046,-0.9489288,2.3542323,-0.1087832,0.1476135,-0.2250166
45.5379483,-0.0562147,-0.943696,2.3538081,-0.120034,0.1475096,-0.2255559
45.58799,-0.0614187,-0.9384647,2.3533419,-0.1313118,0.1473956,-0.2261414
45.6380317,-0.0666159,-0.9332352,2.3528339,-0.1426189,0.1472716,-0.2267719
45.6880734,-0.0718057,-0.9280075,2.3522837,-0.1539575,0.1471375,-0.2274463
45.7381151,-0.0769877,-0.9227817,2.3516912,-0.1653298,0.1469934,-0.2281634
45.7881568,-0.0821613,-0.9175581,2.3510563,-0.176738,0.1468394,-0.2289216
45.8381985,-0.0873258,-0.9123367,2.3503787,-0.188184,0.1466754,-0.2297195
45.8882402,-0.0924807,-0.9071178,2.3496584,-0.19967,0.1465015,-0.2305555
45.9382819,-0.0976255,-0.9019014,2.3488951,-0.2111978,0.1463177,-0.2314278
45.9883236,-0.1027595,-0.8966877,2.3480885,-0.2227692,0.146124,-0.2323347
46.0383653,-0.1078823,-0.8914768,2.3472386,-0.2343859,0.1459204,-0.2332741
46.088407,-0.1129932,-0.8862689,2.3463449,-0.2460496,0.1457071,-0.234244
46.1384487,-0.1180916,-0.8810641,2.3454073,-0.2577618,0.145484,-0.2352423
46.1884904,-0.1231772,-0.8758626,2.3444255,-0.2695239,0.1452512,-0.2362665
46.2385321,-0.1282492,-0.8706645,2.3433993,-0.2813372,0.1450087,-0.2373143
46.2885738,-0.1333071,-0.86547,2.3423283,-0.293203,0.1447566,-0.2383832
46.3386155,-0.1383503,-0.8602792,2.3412122,-0.3051221,0.1444949,-0.2394705
46.3886572,-0.1433784,-0.8550921,2.3400508,-0.3170956,0.1442236,-0.2405734
46.4386989,-0.1483907,-0.8499091,2.3388437,-0.3291243,0.1439428,-0.241689
46.4887406,-0.1533867,-0.8447302,2.3375905,-0.3412088,0.1436525,-0.2428143
46.5387823,-0.1583659,-0.8395556,2.3362909,-0.3533495,0.1433528,-0.2439463
46.588824,-0.1633276,-0.8343853,2.3349445,-0.3655468,0.1430438,-0.2450816
46.6388657,-0.1682715,-0.8292196,2.333551,-0.3778009,0.1427255,-0.2462169
46.6889074,-0.1731968,-0.8240586,2.3321099,-0.3901117,0.1423979,-0.2473489
46.7389491,-0.1781031,-0.8189025,2.3306208,-0.4024792,0.1420612,-0.2484738
46.7889908,-0.1829899,-0.8137513,2.3290833,-0.4149029,0.1417153,-0.2495883
46.8390325,-0.1878565,-0.8086052,2.327497,-0.4273823,0.1413603,-0.2506884
46.8890742,-0.1927025,-0.8034644,2.3258613,-0.4399167,0.1409964,-0.2517704
46.9391159,-0.1975274,-0.7983289,2.3241758,-0.4525052,0.1406235,-0.2528305
46.9891576,-0.2023305,-0.793199,2.3224401,-0.4651467,0.1402417,-0.2538648
47.0391993,-0.2071115,-0.7880748,2.3206535,-0.47784,0.1398511,-0.2548692
47.089241,-0.2118697,-0.7829564,2.3188157,-0.4905834,0.1394518,-0.2558397
47.1392827,-0.2166046,-0.777844,2.3169259,-0.5033754,0.1390439,-0.2567724
47.1893244,-0.2213157,-0.7727377,2.3149837,-0.516214,0.1386273,-0.2576631
47.2393661,-0.2260025,-0.7676376,2.3129886,-0.5290972,0.1382023,-0.2585078
47.2894078,-0.2306645,-0.7625439,2.3109398,-0.5420226,0.1377688,-0.2593024
47.3394495,-0.2353011,-0.7574567,2.3088368,-0.5549877,0.1373269,-0.260043
47.3894912,-0.2399119,-0.7523762,2.306679,-0.5679898,0.1368768,-0.2607255
47.4395329,-0.2444963,-0.7473024,2.3044656,-0.5810261,0.1364185,-0.261346
47.4895746,-0.2490539,-0.7422356,2.3021961,-0.5940934,0.1359521,-0.2619007
47.5396163,-0.2535842,-0.7371759,2.2998698,-0.6071885,0.1354777,-0.2623858
47.589658,-0.2580865,-0.7321234,2.2974859,-0.6203077,0.1349954,-0.2627976
47.6396997,-0.2625606,-0.7270783,2.2950437,-0.6334476,0.1345052,-0.2631327
47.6897415,-0.2670057,-0.7220407,2.2925424,-0.6466043,0.1340073,-0.2633876
47.7397832,-0.2714216,-0.7170107,2.2899813,-0.6597736,0.1335018,-0.263559
47.7898249,-0.2758076,-0.7119884,2.2873597,-0.6729516,0.1329887,-0.263644
47.8398666,-0.2801634,-0.7069741,2.2846766,-0.6861338,0.1324682,-0.2636396
47.8899083,-0.2844884,-0.7019678,2.2819312,-0.6993158,0.1319403,-0.2635431
47.93995,-0.2887821,-0.6969697,2.2791228,-0.7124929,0.1314052,-0.2633522
47.9899917,-0.2930441,-0.6919799,2.2762503,-0.7256605,0.130863,-0.2630644
48.0400334,-0.2972739,-0.6869986,2.273313,-0.7388138,0.1303138,-0.2626779
48.0900751,-0.301471,-0.6820259,2.2703098,-0.7519476,0.1297576,-0.2621908
48.1401168,-0.3056351,-0.6770619,2.2672399,-0.7650572,0.1291946,-0.2616017
48.1901585,-0.3097656,-0.6721068,2.2641022,-0.7781373,0.128625,-0.2609094
48.2402002,-0.313862,-0.6671607,2.2608957,-0.7911827,0.1280488,-0.2601128
48.2902419,-0.317924,-0.6622237,2.2576195,-0.8041884,0.1274661,-0.2592114
48.3402836,-0.321951,-0.657296,2.2542724,-0.817149,0.1268771,-0.2582047
48.3903253,-0.3259427,-0.6523777,2.2508534,-0.8300592,0.126282,-0.2570926
48.440367,-0.3298986,-0.647469,2.2473614,-0.8429138,0.1256807,-0.2558752
48.4904087,-0.3338182,-0.6425699,2.2437953,-0.8557076,0.1250735,-0.2545531
48.5404504,-0.3377012,-0.6376807,2.2401538,-0.8684352,0.1244605,-0.253127
48.5904921,-0.3415471,-0.6328014,2.2364358,-0.8810916,0.1238418,-0.2515978
48.6405338,-0.3453554,-0.6279322,2.2326401,-0.8936715,0.1232176,-0.2499668
48.6905755,-0.3491259,-0.6230732,2.2287654,-0.9061698,0.1225879,-0.2482356
48.7406172,-0.3528579,-0.6182245,2.2248105,-0.9185816,0.121953,-0.2464058
48.7906589,-0.3565512,-0.6133864,2.220774,-0.9309019,0.121313,-0.2444797
48.8407006,-0.3602054,-0.6085588,2.2166547,-0.9431259,0.120668,-0.2424593
48.8907423,-0.36382,-0.603742,2.212451,-0.9552488,0.1200181,-0.2403471
48.940784,-0.3673946,-0.5989361,2.2081618,-0.9672662,0.1193636,-0.2381458
48.9908257,-0.3709289,-0.5941412,2.2037854,-0.9791735,0.1187046,-0.2358582
49.0408674,-0.3744224,-0.5893575,2.1993205,-0.9909664,0.1180412,-0.2334874
49.0909091,-0.3778748,-0.584585,2.1947656,-1.0026408,0.1173737,-0.2310364
49.1409508,-0.3812857,-0.5798239,2.1901191,-1.0141926,0.116702,-0.2285085
49.1909925,-0.3846547,-0.5750744,2.1853795,-1.025618,0.1160265,-0.2259072
49.2410342,-0.3879814,-0.5703365,2.1805452,-1.0369134,0.1153473,-0.2232361
49.2910759,-0.3912656,-0.5656105,2.1756145,-1.0480752,0.1146646,-0.2204986
49.3411176,-0.3945067,-0.5608963,2.1705859,-1.0591001,0.1139785,-0.2176985
49.3911593,-0.3977045,-0.5561943,2.1654576,-1.069985,0.1132892,-0.2148395
49.441201,-0.4008587,-0.5515044,2.1602279,-1.080727,0.1125969,-0.2119254
49.4912427,-0.4039688,-0.5468268,2.1548951,-1.0913233,0.1119018,-0.20896
49.5412844,-0.4070345,-0.5421617,2.1494574,-1.1017713,0.1112041,-0.205947
49.5913261,-0.4100555,-0.5375091,2.1439129,-1.1120686,0.1105039,-0.2028903
49.6413678,-0.4130315,-0.5328693,2.1382598,-1.1222131,0.1098015,-0.1997937
49.6914095,-0.4159621,-0.5282422,2.1324962,-1.1322028,0.109097,-0.1966609
49.7414512,-0.418847,-0.5236282,2.1266202,-1.1420359,0.1083907,-0.1934956
49.7914929,-0.4216859,-0.5190272,2.1206298,-1.1517106,0.1076827,-0.1903016
49.8415346,-0.4244785,-0.5144394,2.1145232,-1.1612257,0.1069733,-0.1870823
49.8915763,-0.4272245,-0.509865,2.1082982,-1.1705798,0.1062627,-0.1838413
49.941618,-0.4299235,-0.505304,2.1019529,-1.1797719,0.105551,-0.1805821
49.9916597,-0.4325753,-0.5007566,2.0954851,-1.188801,0.1048386,-0.177308
50.0417014,-0.4351796,-0.4962229,2.0888928,-1.1976664,0.1041255,-0.1740224
50.0917431,-0.4377361,-0.491703,2.082174,-1.2063675,0.1034121,-0.1707283
50.1417848,-0.4402445,-0.4871971,2.0753263,-1.2149039,0.1026986,-0.1674288
50.1918265,-0.4427046,-0.4827053,2.0683478,-1.2232754,0.1019853,-0.1641269
50.2418682,-0.445116,-0.4782277,2.0612361,-1.2314817,0.1012722,-0.1608255
50.2919099,-0.4474785,-0.4737644,2.0539892,-1.239523,0.1005598,-0.1575273
50.3419516,-0.4497919,-0.4693156,2.0466047,-1.2473994,0.0998481,-0.1542348
50.3919933,-0.4520559,-0.4648813,2.0390806,-1.2551111,0.0991376,-0.1509507
50.442035,-0.4542702,-0.4604618,2.0314145,-1.2626586,0.0984284,-0.1476773
50.4920767,-0.4564346,-0.456057,2.0236042,-1.2700425,0.0977207,-0.1444168
50.5421184,-0.4585489,-0.4516672,2.0156474,-1.2772633,0.097015,-0.1411715
50.5921601,-0.4606128,-0.4472925,2.007542,-1.2843219,0.0963113,-0.1379433
50.6422018,-0.4626261,-0.4429329,1.9992857,-1.2912191,0.09561,-0.1347342
50.6922435,-0.4645886,-0.4385886,1.9908762,-1.2979558,0.0949114,-0.1315459
50.7422852,-0.4665001,-0.4342597,1.9823113,-1.3045331,0.0942157,-0.1283802
50.7923269,-0.4683603,-0.4299464,1.9735889,-1.3109521,0.0935232,-0.1252387
50.8423686,-0.4701691,-0.4256488,1.9647068,-1.317214,0.0928342,-0.1221227
50.8924103,-0.4719262,-0.4213669,1.9556628,-1.3233202,0.092149,-0.1190338
50.942452,-0.4736315,-0.4171009,1.9464548,-1.3292719,0.0914679,-0.115973
50.9924937,-0.4752848,-0.4128509,1.9370807,-1.3350705,0.0907911,-0.1129417
51.0425354,-0.4768858,-0.408617,1.9275386,-1.3407176,0.090119,-0.1099407
51.0925771,-0.4784345,-0.4043994,1.9178264,-1.3462146,0.0894519,-0.1069712
51.1426188,-0.4799306,-0.4001981,1.9079424,-1.3515632,0.08879,-0.1040339
51.1926606,-0.481374,-0.3960133,1.8978846,-1.3567649,0.0881337,-0.1011297
51.2427023,-0.4827646,-0.391845,1.8876513,-1.3618214,0.0874834,-0.0982592
51.292744,-0.4841021,-0.3876935,1.8772409,-1.3667343,0.0868392,-0.095423
51.3427857,-0.4853864,-0.3835588,1.8666518,-1.3715055,0.0862016,-0.0926217
51.3928274,-0.4866174,-0.379441,1.8558826,-1.3761366,0.0855709,-0.0898556
51.4428691,-0.4877949,-0.3753403,1.844932,-1.3806293,0.0849473,-0.0871251
51.4929108,-0.4889189,-0.3712567,1.8337988,-1.3849856,0.0843313,-0.0844306
51.5429525,-0.4899892,-0.3671904,1.8224819,-1.3892071,0.0837231,-0.0817722
51.5929942,-0.4910056,-0.3631415,1.8109806,-1.3932957,0.083123,-0.07915
51.6430359,-0.4919681,-0.35911,1.799294,-1.3972532,0.0825315,-0.0765642
51.6930776,-0.4928766,-0.3550962,1.7874216,-1.4010814,0.0819488,-0.0740147
51.7431193,-0.4937309,-0.3511,1.7753631,-1.4047822,0.0813753,-0.0715015
51.793161,-0.494531,-0.3471217,1.7631184,-1.4083573,0.0808112,-0.0690245
51.8432027,-0.4952768,-0.3431613,1.7506875,-1.4118085,0.080257,-0.0665834
51.8932444,-0.4959682,-0.339219,1.7380707,-1.4151377,0.079713,-0.0641781
51.9432861,-0.4966051,-0.3352948,1.7252686,-1.4183466,0.0791795,-0.0618083
51.9933278,-0.4971874,-0.3313888,1.7122819,-1.421437,0.0786569,-0.0594736
52.0433695,-0.4977152,-0.3275012,1.6991119,-1.4244107,0.0781453,-0.0571736
52.0934112,-0.4981882,-0.3236321,1.6857597,-1.4272693,0.0776453,-0.0549078
52.1434529,-0.4986066,-0.3197815,1.672227,-1.4300147,0.0771571,-0.0526759
52.1934946,-0.4989701,-0.3159497,1.6585158,-1.4326485,0.0766811,-0.0504772
52.2435363,-0.4992789,-0.3121366,1.6446283,-1.4351724,0.0762174,-0.0483112
52.293578,-0.4995328,-0.3083424,1.6305671,-1.4375879,0.0757666,-0.0461772
52.3436197,-0.4997318,-0.3045672,1.6163351,-1.4398968,0.0753288,-0.0440745
52.3936614,-0.499876,-0.3008111,1.6019354,-1.4421005,0.0749043,-0.0420026
52.4437031,-0.4999652,-0.2970742,1.5873717,-1.4442007,0.0744935,-0.0399606
52.4937448,-0.4999996,-0.2933566,1.5726479,-1.4461987,0.0740967,-0.0379477
52.5437865,-0.499979,-0.2896584,1.5577682,-1.4480961,0.073714,-0.0359632
52.5938282,-0.4999035,-0.2859797,1.5427372,-1.4498942,0.0733458,-0.0340063
52.6438699,-0.499773,-0.2823206,1.5275599,-1.4515945,0.0729923,-0.0320759
52.6939116,-0.4995877,-0.2786812,1.5122416,-1.4531983,0.0726538,-0.0301713
52.7439533,-0.4993475,-0.2750616,1.496788,-1.4547069,0.0723304,-0.0282916
52.793995,-0.4990525,-0.271462,1.481205,-1.4561215,0.0720224,-0.0264357
52.8440367,-0.4987026,-0.2678823,1.465499,-1.4574433,0.0717301,-0.0246028
52.8940784,-0.4982979,-0.2643228,1.4496765,-1.4586734,0.0714535,-0.0227918
52.9441201,-0.4978386,-0.2607834,1.4337446,-1.459813,0.071193,-0.0210018
52.9941618,-0.4973245,-0.2572644,1.4177104,-1.4608631,0.0709485,-0.0192317
53.0442035,-0.4967558,-0.2537658,1.4015815,-1.4618247,0.0707203,-0.0174806
53.0942452,-0.4961325,-0.2502876,1.3853657,-1.4626987,0.0705085,-0.0157474
53.1442869,-0.4954548,-0.24683,1.3690709,-1.4634861,0.0703132,-0.014031
53.1943286,-0.4947226,-0.2433931,1.3527055,-1.4641876,0.0701344,-0.0123305
53.2443703,-0.4939361,-0.239977,1.3362777,-1.4648042,0.0699724,-0.0106449
53.294412,-0.4930953,-0.2365818,1.3197964,-1.4653364,0.069827,-0.0089731
53.3444537,-0.4922003,-0.2332075,1.30327,-1.465785,0.0696984,-0.007314
53.3944954,-0.4912513,-0.2298543,1.2867077,-1.4661508,0.0695866,-0.0056668
53.4445371,-0.4902483,-0.2265223,1.2701182,-1.4664341,0.0694915,-0.0040303
53.4945788,-0.4891915,-0.2232114,1.2535105,-1.4666356,0.0694132,-0.0024037
53.5446205,-0.488081,-0.2199219,1.2368938,-1.4667558,0.0693515,-0.000786
53.5946622,-0.4869168,-0.2166539,1.2202771,-1.4667951,0.0693065,0.0008238
53.6447039,-0.4856991,-0.2134073,1.2036693,-1.4667539,0.0692781,0.0024266
53.6947456,-0.4844281,-0.2101824,1.1870794,-1.4666326,0.0692661,0.0040231
53.7447873,-0.4831039,-0.2069791,1.1705163,-1.4664314,0.0692704,0.0056144
53.794829,-0.4817266,-0.2037976,1.1539887,-1.4661507,0.0692909,0.0072011
53.8448707,-0.4802964,-0.200638,1.1375052,-1.4657906,0.0693275,0.008784
53.8949124,-0.4788135,-0.1975003,1.1210742,-1.4653514,0.0693799,0.0103639
53.9449541,-0.4772779,-0.1943847,1.1047039,-1.4648333,0.069448,0.0119414
53.9949958,-0.4756899,-0.1912911,1.0884024,-1.4642362,0.0695316,0.0135172
54.0450375,-0.4740497,-0.1882198,1.0721774,-1.4635603,0.0696304,0.0150918
54.0950792,-0.4723574,-0.1851708,1.0560365,-1.4628057,0.0697442,0.0166658
54.1451209,-0.4706132,-0.1821442,1.0399868,-1.4619724,0.0698729,0.0182396
54.1951626,-0.4688173,-0.17914,1.0240353,-1.4610605,0.070016,0.0198137
54.2452043,-0.46697,-0.1761584,1.0081886,-1.4600698,0.0701733,0.0213884
54.295246,-0.4650713,-0.1731994,0.992453,-1.4590004,0.0703445,0.022964
54.3452877,-0.4631215,-0.170263,0.9768344,-1.4578522,0.0705294,0.0245408
54.3953294,-0.4611209,-0.1673495,0.9613386,-1.4566251,0.0707276,0.0261189
54.4453711,-0.4590696,-0.1644589,0.9459708,-1.4553192,0.0709388,0.0276984
54.4954128,-0.4569679,-0.1615912,0.9307358,-1.4539343,0.0711626,0.0292793
54.5454545,-0.454816,-0.1587465,0.9156384,-1.4524703,0.0713988,0.0308616
54.5954962,-0.4526141,-0.1559249,0.9006827,-1.4509272,0.0716469,0.0324452
54.6455379,-0.4503626,-0.1531265,0.8858726,-1.449305,0.0719067,0.03403
54.6955796,-0.4480615,-0.1503513,0.8712117,-1.4476035,0.0721777,0.0356156
54.7456214,-0.4457112,-0.1475995,0.8567031,-1.4458227,0.0724597,0.0372018
54.7956631,-0.443312,-0.1448711,0.8423497,-1.4439626,0.0727522,0.0387881
54.8457048,-0.4408641,-0.1421662,0.8281539,-1.4420232,0.0730548,0.0403741
54.8957465,-0.4383678,-0.1394848,0.8141181,-1.4400045,0.0733673,0.0419592
54.9457882,-0.4358233,-0.1368271,0.800244,-1.4379065,0.0736891,0.0435429
54.9958299,-0.4332309,-0.134193,0.7865333,-1.4357294,0.0740201,0.0451244
55.0458716,-0.4305909,-0.1315828,0.7729873,-1.4334731,0.0743597,0.046703
55.0959133,-0.4279037,-0.1289964,0.7596069,-1.431138,0.0747076,0.0482779
55.145955,-0.4251694,-0.1264339,0.7463929,-1.4287241,0.0750634,0.0498481
55.1959967,-0.4223884,-0.1238954,0.7333457,-1.4262317,0.0754268,0.0514126
55.2460384,-0.4195611,-0.1213809,0.7204657,-1.4236611,0.0757973,0.0529705
55.2960801,-0.4166876,-0.1188906,0.7077528,-1.4210125,0.0761747,0.0545206
55.3461218,-0.4137684,-0.1164245,0.6952068,-1.4182865,0.0765585,0.0560618
55.3961635,-0.4108038,-0.1139826,0.6828273,-1.4154834,0.0769483,0.0575927
55.4462052,-0.407794,-0.1115651,0.6706135,-1.4126038,0.0773439,0.0591122
55.4962469,-0.4047394,-0.109172,0.6585649,-1.4096482,0.0777448,0.0606188
55.5462886,-0.4016403,-0.1068033,0.6466803,-1.4066172,0.0781507,0.0621111
55.5963303,-0.3984972,-0.1044592,0.6349586,-1.4035117,0.0785612,0.0635876
55.646372,-0.3953103,-0.1021396,0.6233986,-1.4003323,0.0789761,0.0650469
55.6964137,-0.3920799,-0.0998447,0.6119988,-1.39708,0.0793948,0.0664872
55.7464554,-0.3888065,-0.0975746,0.6007576,-1.3937556,0.0798172,0.0679071
55.7964971,-0.3854903,-0.0953292,0.5896735,-1.3903602,0.0802429,0.0693048
55.8465388,-0.3821319,-0.0931087,0.5787447,-1.386895,0.0806715,0.0706787
55.8965805,-0.3787314,-0.090913,0.5679693,-1.3833611,0.0811028,0.0720269
55.9466222,-0.3752894,-0.0887423,0.5573453,-1.3797597,0.0815364,0.0733478
55.9966639,-0.3718061,-0.0865967,0.5468707,-1.3760923,0.0819719,0.0746394
56.0467056,-0.368282,-0.0844761,0.5365435,-1.3723604,0.0824092,0.0759
56.0967473,-0.3647174,-0.0823807,0.5263615,-1.3685654,0.0828478,0.0771277
56.146789,-0.3611128,-0.0803105,0.5163225,-1.364709,0.0832875,0.0783207
56.1968307,-0.3574685,-0.0782655,0.5064242,-1.3607929,0.0837281,0.079477
56.2468724,-0.3537849,-0.0762459,0.4966643,-1.3568191,0.0841691,0.0805949
56.2969141,-0.3500625,-0.0742516,0.4870406,-1.3527894,0.0846104,0.0816724
56.3469558,-0.3463016,-0.0722827,0.4775506,-1.3487057,0.0850516,0.0827076
56.3969975,-0.3425027,-0.0703393,0.468192,-1.3445703,0.0854925,0.0836988
56.4470392,-0.3386661,-0.0684214,0.4589623,-1.3403854,0.0859329,0.084644
56.4970809,-0.3347924,-0.0665292,0.4498593,-1.3361532,0.0863724,0.0855414
56.5471226,-0.3308819,-0.0646625,0.4408804,-1.3318761,0.0868109,0.0863893
56.5971643,-0.326935,-0.0628216,0.4320233,-1.3275567,0.087248,0.0871858
56.647206,-0.3229523,-0.0610063,0.4232855,-1.3231974,0.0876835,0.0879292
56.6972477,-0.318934,-0.0592169,0.4146646,-1.3188009,0.0881173,0.0886179
56.7472894,-0.3148807,-0.0574533,0.4061582,-1.31437,0.088549,0.0892503
56.7973311,-0.3107929,-0.0557156,0.3977638,-1.3099075,0.0889784,0.0898246
56.8473728,-0.3066709,-0.0540038,0.3894792,-1.3054163,0.0894054,0.0903395
56.8974145,-0.3025152,-0.052318,0.3813019,-1.3008993,0.0898296,0.0907934
56.9474562,-0.2983263,-0.0506582,0.3732295,-1.2963596,0.0902509,0.0911849
56.9974979,-0.2941046,-0.0490245,0.3652597,-1.2918004,0.0906691,0.0915128
57.0475396,-0.2898506,-0.0474169,0.3573901,-1.2872247,0.091084,0.0917758
57.0975813,-0.2855647,-0.0458354,0.3496185,-1.282636,0.0914954,0.0919728
57.147623,-0.2812475,-0.0442802,0.3419426,-1.2780373,0.0919031,0.0921026
57.1976647,-0.2768994,-0.0427512,0.33436,-1.2734322,0.0923069,0.0921643
57.2477064,-0.2725209,-0.0412485,0.3268686,-1.268824,0.0927066,0.092157
57.2977481,-0.2681125,-0.0397721,0.3194662,-1.2642161,0.093102,0.0920798
57.3477898,-0.2636746,-0.0383221,0.3121504,-1.2596121,0.093493,0.0919322
57.3978315,-0.2592077,-0.0368985,0.3049192,-1.2550155,0.0938794,0.0917135
57.4478732,-0.2547124,-0.0355014,0.2977705,-1.2504299,0.0942611,0.0914231
57.4979149,-0.2501891,-0.0341307,0.290702,-1.2458587,0.0946378,0.0910608
57.5479566,-0.2456383,-0.0327866,0.2837118,-1.2413057,0.0950095,0.0906262
57.5979983,-0.2410605,-0.031469,0.2767977,-1.2367743,0.0953759,0.0901191
57.64804,-0.2364562,-0.030178,0.2699577,-1.2322684,0.0957369,0.0895395
57.6980817,-0.231826,-0.0289137,0.2631898,-1.2277914,0.0960925,0.0888875
57.7481234,-0.2271703,-0.027676,0.2564921,-1.223347,0.0964423,0.088163
57.7981651,-0.2224897,-0.026465,0.2498625,-1.2189389,0.0967864,0.0873664
57.8482068,-0.2177846,-0.0252807,0.2432991,-1.2145706,0.0971245,0.086498
57.8982485,-0.2130556,-0.0241233,0.2368001,-1.2102457,0.0974566,0.0855583
57.9482902,-0.2083032,-0.0229926,0.2303635,-1.2059678,0.0977824,0.0845479
57.9983319,-0.2035279,-0.0218887,0.2239876,-1.2017404,0.098102,0.0834672
58.0483736,-0.1987302,-0.0208117,0.2176704,-1.197567,0.0984152,0.0823172
58.0984153,-0.1939108,-0.0197616,0.2114102,-1.1934511,0.0987218,0.0810986
58.148457,-0.18907,-0.0187385,0.2052052,-1.1893962,0.0990217,0.0798123
58.1984987,-0.1842084,-0.0177422,0.1990536,-1.1854056,0.0993149,0.0784594
58.2485405,-0.1793267,-0.016773,0.1929537,-1.1814826,0.0996012,0.077041
58.2985822,-0.1744252,-0.0158307,0.1869039,-1.1776306,0.0998806,0.0755582
58.3486239,-0.1695045,-0.0149155,0.1809024,-1.1738527,0.1001529,0.0740123
58.3986656,-0.1645653,-0.0140273,0.1749475,-1.170152,0.100418,0.0724046
58.4487073,-0.159608,-0.0131662,0.1690377,-1.1665318,0.100676,0.0707364
58.498749,-0.1546331,-0.0123322,0.1631713,-1.162995,0.1009265,0.0690094
58.5487907,-0.1496412,-0.0115253,0.1573467,-1.1595445,0.1011697,0.0672249
58.5988324,-0.144633,-0.0107455,0.1515623,-1.1561833,0.1014053,0.0653845
58.6488741,-0.1396088,-0.009993,0.1458165,-1.1529141,0.1016334,0.0634899
58.6989158,-0.1345693,-0.0092676,0.1401079,-1.1497396,0.1018538,0.0615428
58.7489575,-0.129515,-0.0085694,0.1344349,-1.1466624,0.1020665,0.0595448
58.7989992,-0.1244465,-0.0078984,0.1287959,-1.1436852,0.1022714,0.0574978
58.8490409,-0.1193643,-0.0072547,0.1231896,-1.1408103,0.1024685,0.0554035
58.8990826,-0.114269,-0.0066383,0.1176143,-1.1380401,0.1026576,0.0532639
58.9491243,-0.1091611,-0.0060491,0.1120688,-1.1353769,0.1028387,0.0510806
58.999166,-0.1040413,-0.0054872,0.1065514,-1.1328229,0.1030118,0.0488557
59.0492077,-0.09891,-0.0049527,0.1010608,-1.1303801,0.1031768,0.0465911
59.0992494,-0.0937679,-0.0044454,0.0955956,-1.1280505,0.1033336,0.0442887
59.1492911,-0.0886154,-0.0039655,0.0901543,-1.1258361,0.1034822,0.0419504
59.1993328,-0.0834533,-0.003513,0.0847355,-1.1237386,0.1036226,0.0395784
59.2493745,-0.0782819,-0.0030878,0.079338,-1.1217597,0.1037547,0.0371745
59.2994162,-0.073102,-0.00269,0.0739602,-1.119901,0.1038785,0.0347407
59.3494579,-0.067914,-0.0023196,0.0686009,-1.1181639,0.1039939,0.0322792
59.3994996,-0.0627186,-0.0019766,0.0632586,-1.11655,0.1041009,0.0297919
59.4495413,-0.0575163,-0.0016609,0.0579321,-1.1150604,0.1041994,0.0272809
59.499583,-0.0523077,-0.0013728,0.05262,-1.1136963,0.1042895,0.0247482
59.5496247,-0.0470933,-0.001112,0.0473209,-1.1124589,0.1043711,0.0221959
59.5996664,-0.0418737,-0.0008786,0.0420335,-1.1113491,0.1044441,0.019626
59.6497081,-0.0366496,-0.0006727,0.0367566,-1.1103678,0.1045086,0.0170406
59.6997498,-0.0314214,-0.0004943,0.0314888,-1.1095158,0.1045646,0.0144417
59.7497915,-0.0261898,-0.0003432,0.0262288,-1.1087937,0.104612,0.0118315
59.7998332,-0.0209553,-0.0002197,0.0209752,-1.1082021,0.1046508,0.0092119
59.8498749,-0.0157185,-0.0001236,0.0157269,-1.1077415,0.1046809,0.0065851
59.8999166,-0.0104799,-5.49e-05,0.0104824,-1.1074123,0.1047025,0.0039531
59.9499583,-0.0052403,-1.37e-05,0.0052406,-1.1072146,0.1047154,0.0013181
60,-0,0,0,-1.1071487,0.1047198,0
